path,absolute_path,type,existed_before_delete,delete_status,deleted_at
src/workflow1/__pycache__,D:\桌面\codex\workflow1\src\workflow1\__pycache__,cache_directory,False,already_missing,2026-04-26T20:56:12
src/workflow1/pipelines/__pycache__,D:\桌面\codex\workflow1\src\workflow1\pipelines\__pycache__,cache_directory,False,already_missing,2026-04-26T20:56:12
src/workflow1/quality/__pycache__,D:\桌面\codex\workflow1\src\workflow1\quality\__pycache__,cache_directory,False,already_missing,2026-04-26T20:56:12
src/workflow1/references/__pycache__,D:\桌面\codex\workflow1\src\workflow1\references\__pycache__,cache_directory,False,already_missing,2026-04-26T20:56:12
src/workflow1/reporting/__pycache__,D:\桌面\codex\workflow1\src\workflow1\reporting\__pycache__,cache_directory,False,already_missing,2026-04-26T20:56:12
src/workflow1/schemas/__pycache__,D:\桌面\codex\workflow1\src\workflow1\schemas\__pycache__,cache_directory,False,already_missing,2026-04-26T20:56:12
src/workflow1/self_improvement/__pycache__,D:\桌面\codex\workflow1\src\workflow1\self_improvement\__pycache__,cache_directory,False,already_missing,2026-04-26T20:56:12
src/workflow1/tools/__pycache__,D:\桌面\codex\workflow1\src\workflow1\tools\__pycache__,cache_directory,False,already_missing,2026-04-26T20:56:12
src/workflow1/utils/__pycache__,D:\桌面\codex\workflow1\src\workflow1\utils\__pycache__,cache_directory,False,already_missing,2026-04-26T20:56:12
src/workflow1/tools/legacy_scripts/__pycache__,D:\桌面\codex\workflow1\src\workflow1\tools\legacy_scripts\__pycache__,cache_directory,False,already_missing,2026-04-26T20:56:12
src/workflow1/pipelines/cleaning/__pycache__,D:\桌面\codex\workflow1\src\workflow1\pipelines\cleaning\__pycache__,cache_directory,False,already_missing,2026-04-26T20:56:12
src/workflow1/pipelines/eda/__pycache__,D:\桌面\codex\workflow1\src\workflow1\pipelines\eda\__pycache__,cache_directory,False,already_missing,2026-04-26T20:56:12
src/workflow1/pipelines/evaluation/__pycache__,D:\桌面\codex\workflow1\src\workflow1\pipelines\evaluation\__pycache__,cache_directory,False,already_missing,2026-04-26T20:56:12
src/workflow1/pipelines/features/__pycache__,D:\桌面\codex\workflow1\src\workflow1\pipelines\features\__pycache__,cache_directory,False,already_missing,2026-04-26T20:56:12
src/workflow1/pipelines/intake/__pycache__,D:\桌面\codex\workflow1\src\workflow1\pipelines\intake\__pycache__,cache_directory,False,already_missing,2026-04-26T20:56:12
src/workflow1/pipelines/matching/__pycache__,D:\桌面\codex\workflow1\src\workflow1\pipelines\matching\__pycache__,cache_directory,False,already_missing,2026-04-26T20:56:12
src/workflow1/pipelines/modeling/__pycache__,D:\桌面\codex\workflow1\src\workflow1\pipelines\modeling\__pycache__,cache_directory,False,already_missing,2026-04-26T20:56:12
src/workflow1/pipelines/optimization/__pycache__,D:\桌面\codex\workflow1\src\workflow1\pipelines\optimization\__pycache__,cache_directory,False,already_missing,2026-04-26T20:56:12
src/workflow1/pipelines/postprocess/__pycache__,D:\桌面\codex\workflow1\src\workflow1\pipelines\postprocess\__pycache__,cache_directory,False,already_missing,2026-04-26T20:56:12
src/workflow1/pipelines/validation/__pycache__,D:\桌面\codex\workflow1\src\workflow1\pipelines\validation\__pycache__,cache_directory,False,already_missing,2026-04-26T20:56:12
src/workflow1/pipelines/visualization/__pycache__,D:\桌面\codex\workflow1\src\workflow1\pipelines\visualization\__pycache__,cache_directory,False,already_missing,2026-04-26T20:56:12
