省份,年份,月份,年月,供应链环节,样本量,均值,中位数,P75,P90,P95,最大值,lognormal_mu,lognormal_sigma,是否适合MonteCarlo模拟
不详,2023,1,2023-01,流通,2,232.0,232.0,292.0,328.0,340.0,352.0,5.2910650234465955,0.8097308177284303,不适合/样本不足
不详,2023,2,2023-02,流通,12,106.61500000000001,62.849999999999994,92.235,147.9,310.94999999999976,504.0,4.346164614133769,0.7025484983851167,较适合
不详,2023,3,2023-03,流通,4,87.125,86.30000000000001,99.65,114.86000000000001,119.92999999999999,125.0,4.41765170773689,0.37238734184639055,可探索但样本偏少
不详,2023,4,2023-04,流通,3,98.39999999999999,39.8,133.9,190.36,209.17999999999998,228.0,4.1412518515462855,1.131031329327355,可探索但样本偏少
不详,2023,5,2023-05,流通,4,94.925,105.0,116.5,128.20000000000002,132.1,136.0,4.433950818718719,0.6243390430459883,可探索但样本偏少
不详,2023,6,2023-06,流通,4,92.075,81.4,105.525,132.21,141.105,150.0,4.453157429065159,0.42236398255868196,可探索但样本偏少
不详,2023,7,2023-07,流通,10,135.451,82.15,186.0,260.3999999999999,329.6999999999998,399.0,4.282163178362682,1.6846629828170365,较适合
不详,2023,7,2023-07,餐饮,1,96.0,96.0,96.0,96.0,96.0,96.0,,,不适合/样本不足
不详,2023,8,2023-08,流通,6,109.21666666666665,109.1,139.25,165.5,175.75,186.0,4.580754343619083,0.5414937111089018,可探索但样本偏少
不详,2023,9,2023-09,流通,6,89.89999999999999,93.65,113.25,120.0,123.0,126.0,4.443159766822897,0.3741138767147274,可探索但样本偏少
不详,2023,10,2023-10,流通,16,178.75,115.5,283.25,414.0,454.25,458.0,4.78013663672794,0.9984226635479532,较适合
不详,2023,10,2023-10,生产,1,43.5,43.5,43.5,43.5,43.5,43.5,,,不适合/样本不足
不详,2023,10,2023-10,餐饮,2,146.15,146.15,216.075,258.03000000000003,272.015,286.0,3.7482707221086695,2.697925036880521,不适合/样本不足
不详,2023,11,2023-11,流通,22,118.78181818181817,82.8,112.0,189.4,265.04999999999995,701.0,4.392134436219969,0.8378072846216045,较适合
不详,2023,11,2023-11,生产,1,43.5,43.5,43.5,43.5,43.5,43.5,,,不适合/样本不足
不详,2023,11,2023-11,餐饮,5,87.82000000000001,76.4,106.0,147.4,161.2,175.0,4.047081455866978,1.3335625689067425,可探索但样本偏少
不详,2023,12,2023-12,流通,33,151.3878787878788,96.5,190.0,326.6000000000001,465.3999999999997,962.0,4.474462885729559,1.0478778625327794,较适合
不详,2023,12,2023-12,生产,3,46.56666666666666,37.8,55.25,65.72,69.21,72.7,3.7642730654797503,0.470186785218678,可探索但样本偏少
不详,2023,12,2023-12,餐饮,4,30.6,30.05,34.75,36.1,36.55,37.0,3.407504536830627,0.18966381283378167,可探索但样本偏少
不详,2024,1,2024-01,流通,11,173.15454545454546,148.0,231.5,334.0,363.0,392.0,4.87063080045464,0.8775112907558978,较适合
不详,2024,1,2024-01,餐饮,2,178.0,178.0,206.0,222.8,228.4,234.0,5.12967108004548,0.46053869652582236,不适合/样本不足
不详,2024,2,2024-02,流通,11,185.43636363636364,92.5,236.0,470.0,485.0,500.0,4.898524302769847,0.8313083752282607,较适合
不详,2024,2,2024-02,餐饮,1,737.0,737.0,737.0,737.0,737.0,737.0,,,不适合/样本不足
不详,2024,3,2024-03,其他,2,125.75,125.75,161.875,183.55,190.775,198.0,4.633974342298248,0.9253095936915827,不适合/样本不足
不详,2024,3,2024-03,流通,10,92297.26999999999,657.0,31825.0,351099.99999999994,441549.99999999977,532000.0,7.652490220712494,3.726408955699207,较适合
不详,2024,4,2024-04,流通,17,102.2,69.0,128.0,236.40000000000003,283.59999999999997,302.0,4.313701335328177,0.7935789371939291,较适合
不详,2024,4,2024-04,餐饮,2,152.0,152.0,152.0,152.0,152.0,152.0,5.0238805208462765,0.0,不适合/样本不足
不详,2024,5,2024-05,流通,15,148.24666666666664,72.6,142.5,290.4,469.99999999999955,750.0,4.382474077379485,1.3539018720209093,较适合
不详,2024,5,2024-05,餐饮,5,94.82000000000001,65.1,131.0,162.2,172.6,183.0,4.368303387855855,0.6994829358090914,可探索但样本偏少
不详,2024,6,2024-06,流通,17,199.94117647058823,210.0,263.0,322.20000000000005,449.1999999999997,758.0,4.933774633548715,0.9134933027592557,较适合
不详,2024,6,2024-06,餐饮,4,184.75,135.5,202.25,298.1,330.04999999999995,362.0,5.090762664154139,0.5518980954473205,可探索但样本偏少
不详,2024,7,2024-07,流通,19,284.84736842105264,261.0,489.5,500.4,562.4999999999991,927.0,5.227097435142862,1.0165954206868975,较适合
不详,2024,7,2024-07,餐饮,2,36.45,36.45,36.875,37.129999999999995,37.214999999999996,37.3,3.5956694822538773,0.032984897071350605,不适合/样本不足
不详,2024,8,2024-08,流通,19,123.58947368421055,83.6,156.0,277.4,310.3999999999999,341.0,4.526367246684066,0.7753919962971959,较适合
不详,2024,8,2024-08,餐饮,2,139.5,139.5,195.75,229.5,240.75,252.0,4.412632976757877,1.5793882062331914,不适合/样本不足
不详,2024,9,2024-09,流通,16,150.4375,120.0,246.0,319.0,332.5,340.0,4.66385554644568,0.910812216309163,较适合
不详,2024,9,2024-09,餐饮,4,74.5,83.5,106.0,106.0,106.0,106.0,4.164156969316411,0.6818995066782052,可探索但样本偏少
不详,2024,10,2024-10,流通,15,133.02,53.7,112.6,213.19999999999996,441.29999999999933,883.0,4.342903260212875,0.8962949026133579,较适合
不详,2024,10,2024-10,餐饮,4,104.725,54.55,109.1,199.64000000000004,229.81999999999994,260.0,4.365210886764102,0.8006024005579017,可探索但样本偏少
不详,2024,11,2024-11,流通,16,165.1625,61.650000000000006,98.30000000000001,489.0,657.25,859.0,4.479043947019466,1.0223617513191854,较适合
不详,2024,11,2024-11,餐饮,4,139.675,137.5,182.5,223.0,236.49999999999997,250.0,4.714766174704409,0.8592654871772937,可探索但样本偏少
不详,2024,12,2024-12,流通,20,112.16,72.1,99.44999999999999,171.4000000000002,308.2000000000002,616.0,4.3817982714126655,0.744260221617216,较适合
不详,2024,12,2024-12,餐饮,3,173.53333333333333,85.8,245.4,341.16,373.08,405.0,4.616804822370605,1.3124709670651555,可探索但样本偏少
云南,2023,11,2023-11,生产,1,85.6,85.6,85.6,85.6,85.6,85.6,,,不适合/样本不足
云南,2023,12,2023-12,生产,1,75.8,75.8,75.8,75.8,75.8,75.8,,,不适合/样本不足
云南,2023,12,2023-12,餐饮,2,104.6,104.6,125.3,137.72,141.85999999999999,146.0,4.564955461430574,0.5920621487680438,不适合/样本不足
云南,2024,4,2024-04,餐饮,1,27.4,27.4,27.4,27.4,27.4,27.4,,,不适合/样本不足
内蒙古,2024,2,2024-02,流通,1,329.0,329.0,329.0,329.0,329.0,329.0,,,不适合/样本不足
北京,2024,8,2024-08,餐饮,1,106.0,106.0,106.0,106.0,106.0,106.0,,,不适合/样本不足
四川,2023,4,2023-04,餐饮,1,86.6,86.6,86.6,86.6,86.6,86.6,,,不适合/样本不足
四川,2023,12,2023-12,餐饮,1,150.0,150.0,150.0,150.0,150.0,150.0,,,不适合/样本不足
四川,2024,1,2024-01,餐饮,1,185.0,185.0,185.0,185.0,185.0,185.0,,,不适合/样本不足
四川,2024,3,2024-03,餐饮,1,102.0,102.0,102.0,102.0,102.0,102.0,,,不适合/样本不足
四川,2024,5,2024-05,流通,1,122.0,122.0,122.0,122.0,122.0,122.0,,,不适合/样本不足
四川,2024,6,2024-06,生产,1,51.9,51.9,51.9,51.9,51.9,51.9,,,不适合/样本不足
安徽,2023,3,2023-03,流通,1,64.6,64.6,64.6,64.6,64.6,64.6,,,不适合/样本不足
安徽,2023,4,2023-04,流通,1,40.0,40.0,40.0,40.0,40.0,40.0,,,不适合/样本不足
安徽,2023,5,2023-05,餐饮,1,112.0,112.0,112.0,112.0,112.0,112.0,,,不适合/样本不足
安徽,2023,11,2023-11,流通,2,42.55,42.55,42.725,42.83,42.865,42.9,3.7506460234879686,0.01163304138053846,不适合/样本不足
安徽,2023,12,2023-12,流通,1,38.4,38.4,38.4,38.4,38.4,38.4,,,不适合/样本不足
安徽,2024,1,2024-01,其他,1,271.0,271.0,271.0,271.0,271.0,271.0,,,不适合/样本不足
安徽,2024,1,2024-01,餐饮,1,46.2,46.2,46.2,46.2,46.2,46.2,,,不适合/样本不足
安徽,2024,5,2024-05,流通,1,176.0,176.0,176.0,176.0,176.0,176.0,,,不适合/样本不足
安徽,2024,7,2024-07,流通,1,203.0,203.0,203.0,203.0,203.0,203.0,,,不适合/样本不足
安徽,2024,12,2024-12,餐饮,1,212.0,212.0,212.0,212.0,212.0,212.0,,,不适合/样本不足
山东,2023,2,2023-02,生产,1,35.0,35.0,35.0,35.0,35.0,35.0,,,不适合/样本不足
山东,2023,4,2023-04,流通,1,31.5,31.5,31.5,31.5,31.5,31.5,,,不适合/样本不足
山东,2023,6,2023-06,流通,1,0.7,0.7,0.7,0.7,0.7,0.7,,,不适合/样本不足
山东,2023,9,2023-09,生产,3,21.96666666666667,22.1,31.25,36.74,38.57,40.4,2.6727276083709754,1.2905716194674626,可探索但样本偏少
山东,2023,11,2023-11,生产,5,81.6,74.5,79.5,125.4,140.7,156.0,4.260348885877756,0.6221494027741864,可探索但样本偏少
山东,2023,11,2023-11,餐饮,1,106.0,106.0,106.0,106.0,106.0,106.0,,,不适合/样本不足
山东,2023,12,2023-12,流通,1,35.7,35.7,35.7,35.7,35.7,35.7,,,不适合/样本不足
山东,2023,12,2023-12,餐饮,2,131.4,131.4,161.7,179.88,185.94,192.0,4.758677186363728,0.7054354433244455,不适合/样本不足
山东,2024,1,2024-01,流通,1,23.4,23.4,23.4,23.4,23.4,23.4,,,不适合/样本不足
山东,2024,4,2024-04,流通,1,96.4,96.4,96.4,96.4,96.4,96.4,,,不适合/样本不足
山东,2024,5,2024-05,餐饮,3,190.66666666666666,155.0,231.0,276.6,291.8,307.0,5.156917743432953,0.5225111796007841,可探索但样本偏少
山东,2024,6,2024-06,生产,1,60.2,60.2,60.2,60.2,60.2,60.2,,,不适合/样本不足
山东,2024,7,2024-07,餐饮,2,231.3,231.3,298.65,339.06,352.53,366.0,5.236606037309919,0.9419048350432049,不适合/样本不足
山东,2024,8,2024-08,流通,2,71.95,71.95,92.475,104.79,108.895,113.0,4.07907200130802,0.9168570216741894,不适合/样本不足
山东,2024,8,2024-08,餐饮,1,341.0,341.0,341.0,341.0,341.0,341.0,,,不适合/样本不足
山东,2024,9,2024-09,流通,1,59.1,59.1,59.1,59.1,59.1,59.1,,,不适合/样本不足
山东,2024,10,2024-10,流通,1,53.7,53.7,53.7,53.7,53.7,53.7,,,不适合/样本不足
山东,2024,10,2024-10,生产,1,48.0,48.0,48.0,48.0,48.0,48.0,,,不适合/样本不足
山东,2024,10,2024-10,餐饮,1,123.0,123.0,123.0,123.0,123.0,123.0,,,不适合/样本不足
山东,2024,11,2024-11,流通,1,225.0,225.0,225.0,225.0,225.0,225.0,,,不适合/样本不足
山东,2024,11,2024-11,生产,3,35.166666666666664,39.2,39.650000000000006,39.92,40.01,40.1,3.541937497291997,0.23944638110814237,可探索但样本偏少
山东,2024,11,2024-11,餐饮,4,62.025,57.599999999999994,83.35,95.14,99.07,103.0,4.0054623920933965,0.5789703807708276,可探索但样本偏少
山东,2024,12,2024-12,餐饮,1,26.9,26.9,26.9,26.9,26.9,26.9,,,不适合/样本不足
山西,2023,8,2023-08,餐饮,2,78.0,78.0,88.5,94.8,96.89999999999999,99.0,4.31908555898457,0.39037143822440157,不适合/样本不足
山西,2023,12,2023-12,餐饮,2,75.45,75.45,80.17500000000001,83.01,83.955,84.9,4.3155644176718635,0.17806317093177623,不适合/样本不足
山西,2024,7,2024-07,餐饮,1,30.2,30.2,30.2,30.2,30.2,30.2,,,不适合/样本不足
山西,2024,9,2024-09,餐饮,1,70.4,70.4,70.4,70.4,70.4,70.4,,,不适合/样本不足
山西,2024,11,2024-11,餐饮,1,30.3,30.3,30.3,30.3,30.3,30.3,,,不适合/样本不足
山西,2024,12,2024-12,餐饮,1,91.3,91.3,91.3,91.3,91.3,91.3,,,不适合/样本不足
广东,2023,3,2023-03,流通,1,45.9,45.9,45.9,45.9,45.9,45.9,,,不适合/样本不足
广东,2023,3,2023-03,生产,1,51.0,51.0,51.0,51.0,51.0,51.0,,,不适合/样本不足
广东,2023,7,2023-07,生产,3,24.03333333333333,31.8,34.15,35.56,36.03,36.5,2.797259872368972,1.26822749887905,可探索但样本偏少
广东,2023,8,2023-08,流通,1,38.9,38.9,38.9,38.9,38.9,38.9,,,不适合/样本不足
广东,2023,8,2023-08,生产,1,0.0275,0.0275,0.0275,0.0275,0.0275,0.0275,,,不适合/样本不足
广东,2023,11,2023-11,流通,1,31.1,31.1,31.1,31.1,31.1,31.1,,,不适合/样本不足
广东,2023,11,2023-11,生产,1,33.6,33.6,33.6,33.6,33.6,33.6,,,不适合/样本不足
广东,2023,12,2023-12,流通,3,41.199999999999996,40.7,44.900000000000006,47.42,48.26,49.1,3.706849309912666,0.18669989128730602,可探索但样本偏少
广东,2024,1,2024-01,生产,1,70.3,70.3,70.3,70.3,70.3,70.3,,,不适合/样本不足
广东,2024,1,2024-01,餐饮,1,37.8,37.8,37.8,37.8,37.8,37.8,,,不适合/样本不足
广东,2024,2,2024-02,生产,2,52.5,52.5,54.8,56.18,56.64,57.1,3.9569598105394173,0.12423060909576068,不适合/样本不足
广东,2024,4,2024-04,生产,1,32.1,32.1,32.1,32.1,32.1,32.1,,,不适合/样本不足
广东,2024,5,2024-05,餐饮,1,75.9,75.9,75.9,75.9,75.9,75.9,,,不适合/样本不足
广东,2024,6,2024-06,餐饮,1,50.8,50.8,50.8,50.8,50.8,50.8,,,不适合/样本不足
广东,2024,7,2024-07,生产,1,61.4,61.4,61.4,61.4,61.4,61.4,,,不适合/样本不足
广东,2024,8,2024-08,生产,4,49.85,50.15,57.975,60.81,61.755,62.7,3.8868284252166774,0.2455624546297327,可探索但样本偏少
广东,2024,9,2024-09,生产,1,36.7,36.7,36.7,36.7,36.7,36.7,,,不适合/样本不足
广东,2024,10,2024-10,生产,1,109.0,109.0,109.0,109.0,109.0,109.0,,,不适合/样本不足
广东,2024,10,2024-10,餐饮,1,30.5,30.5,30.5,30.5,30.5,30.5,,,不适合/样本不足
广东,2024,12,2024-12,生产,1,44.0,44.0,44.0,44.0,44.0,44.0,,,不适合/样本不足
广西,2023,3,2023-03,生产,5,63.08,28.8,79.6,140.44,160.71999999999997,181.0,3.514878951371333,1.3717334739505105,可探索但样本偏少
广西,2023,4,2023-04,生产,5,42.46,34.2,46.0,59.32000000000001,63.76,68.2,3.7015848002911262,0.33094481059893577,可探索但样本偏少
广西,2023,5,2023-05,生产,3,39.83,31.9,45.045,52.932,55.56099999999999,58.19,3.635771400934671,0.3728484204288151,可探索但样本偏少
广西,2023,6,2023-06,生产,1,27.3,27.3,27.3,27.3,27.3,27.3,,,不适合/样本不足
广西,2023,7,2023-07,生产,3,32.56666666666667,33.0,34.35,35.160000000000004,35.43,35.7,3.4796513600795156,0.10494764992842319,可探索但样本偏少
广西,2023,8,2023-08,流通,1,27.3,27.3,27.3,27.3,27.3,27.3,,,不适合/样本不足
广西,2023,8,2023-08,生产,4,26.1,25.9,26.45,26.9,27.049999999999997,27.2,3.2615794773947524,0.030722028132119966,可探索但样本偏少
广西,2023,9,2023-09,流通,5,47.42,40.5,56.7,69.84,74.22,78.6,3.7874811824123578,0.4183530455138253,可探索但样本偏少
广西,2023,9,2023-09,生产,1,46.0,46.0,46.0,46.0,46.0,46.0,,,不适合/样本不足
广西,2023,10,2023-10,流通,5,32.96,32.0,37.5,39.9,40.7,41.5,3.4798690893005797,0.19596281378934327,可探索但样本偏少
广西,2023,10,2023-10,生产,4,36.175,31.05,37.15,46.42,49.50999999999999,52.6,3.5585436439900944,0.2710769897033472,可探索但样本偏少
广西,2023,11,2023-11,生产,4,110.3,97.3,132.0,173.4,187.19999999999996,201.0,4.566061447489064,0.6135996014634956,可探索但样本偏少
广西,2023,12,2023-12,流通,7,94.64285714285714,53.8,123.35,200.60000000000002,215.29999999999995,230.0,4.305675868928004,0.715772635889379,可探索但样本偏少
广西,2023,12,2023-12,生产,18,73.47222222222223,65.35,92.27499999999999,119.3,122.24999999999997,135.0,4.208974852002576,0.4361961228990499,较适合
广西,2023,12,2023-12,餐饮,1,177.0,177.0,177.0,177.0,177.0,177.0,,,不适合/样本不足
广西,2024,2,2024-02,生产,2,33.9,33.9,37.75,40.06,40.83,41.6,3.4969297890171345,0.3269242841401862,不适合/样本不足
广西,2024,3,2024-03,生产,2,33.75,33.75,36.325,37.87,38.385,38.9,3.5072004842251037,0.21749723025032508,不适合/样本不足
广西,2024,4,2024-04,其他,1,54.8,54.8,54.8,54.8,54.8,54.8,,,不适合/样本不足
广西,2024,4,2024-04,生产,1,46.1,46.1,46.1,46.1,46.1,46.1,,,不适合/样本不足
广西,2024,5,2024-05,流通,1,31.4,31.4,31.4,31.4,31.4,31.4,,,不适合/样本不足
广西,2024,5,2024-05,生产,9,97.7,61.6,81.4,155.72000000000008,300.3599999999999,445.0,4.154394673718873,0.8401369116528848,可探索但样本偏少
广西,2024,6,2024-06,流通,9,38.63333333333333,32.0,42.1,71.38000000000001,76.14,80.9,3.4601184693054297,0.7377629881735082,可探索但样本偏少
广西,2024,6,2024-06,生产,6,51.35,42.900000000000006,59.7,80.15,87.875,95.6,3.8501768288992935,0.4493666039568174,可探索但样本偏少
广西,2024,7,2024-07,生产,2,72.05,72.05,78.025,81.61,82.80499999999999,84.0,4.263413320192237,0.23674426989678635,不适合/样本不足
广西,2024,8,2024-08,生产,4,36.325,34.4,39.875,44.15,45.574999999999996,47.0,3.575624223894576,0.20954907760211391,可探索但样本偏少
广西,2024,9,2024-09,流通,1,38.8,38.8,38.8,38.8,38.8,38.8,,,不适合/样本不足
广西,2024,9,2024-09,生产,21,46.8,37.2,56.7,68.6,81.0,96.0,3.7763864731403447,0.3707249270862608,较适合
广西,2024,10,2024-10,流通,1,50.2,50.2,50.2,50.2,50.2,50.2,,,不适合/样本不足
广西,2024,10,2024-10,生产,22,33.28636363636363,31.200000000000003,36.5,47.86000000000001,63.87499999999999,74.8,3.3881404083736104,0.5738579808379762,较适合
广西,2024,11,2024-11,生产,9,56.8,37.2,55.9,96.00000000000001,125.99999999999997,156.0,3.8746005486591546,0.5647613734750695,可探索但样本偏少
广西,2024,12,2024-12,生产,3,45.06666666666666,42.6,53.3,59.72,61.86,64.0,3.754714684820268,0.40274580123184206,可探索但样本偏少
新疆,2024,12,2024-12,餐饮,1,29.5,29.5,29.5,29.5,29.5,29.5,,,不适合/样本不足
江苏,2023,7,2023-07,流通,1,30.7,30.7,30.7,30.7,30.7,30.7,,,不适合/样本不足
江苏,2023,12,2023-12,流通,2,14.950000000000001,14.950000000000001,22.025000000000002,26.270000000000003,27.685,29.1,1.5737973114316186,2.5412581388775606,不适合/样本不足
江苏,2023,12,2023-12,餐饮,1,53.0,53.0,53.0,53.0,53.0,53.0,,,不适合/样本不足
江苏,2024,6,2024-06,流通,2,53.8,53.8,53.85,53.88,53.89,53.9,3.985271739714885,0.002628652771434436,不适合/样本不足
江苏,2024,6,2024-06,餐饮,2,142.55,142.55,168.275,183.71,188.855,194.0,4.889907981664621,0.53450226677857,不适合/样本不足
江苏,2024,7,2024-07,餐饮,1,38.0,38.0,38.0,38.0,38.0,38.0,,,不适合/样本不足
江苏,2024,8,2024-08,餐饮,2,960.0,960.0,960.0,960.0,960.0,960.0,6.866933284461882,0.0,不适合/样本不足
江苏,2024,10,2024-10,餐饮,1,264.0,264.0,264.0,264.0,264.0,264.0,,,不适合/样本不足
江西,2023,11,2023-11,生产,1,24.9,24.9,24.9,24.9,24.9,24.9,,,不适合/样本不足
江西,2024,8,2024-08,流通,1,51.4,51.4,51.4,51.4,51.4,51.4,,,不适合/样本不足
江西,2024,12,2024-12,流通,1,45.9,45.9,45.9,45.9,45.9,45.9,,,不适合/样本不足
江西,2024,12,2024-12,生产,1,32.4,32.4,32.4,32.4,32.4,32.4,,,不适合/样本不足
河北,2023,9,2023-09,流通,1,30.4,30.4,30.4,30.4,30.4,30.4,,,不适合/样本不足
河北,2024,3,2024-03,流通,1,416.0,416.0,416.0,416.0,416.0,416.0,,,不适合/样本不足
河北,2024,5,2024-05,餐饮,2,101.4,101.4,136.2,157.08,164.04,171.0,4.300564923144396,1.1894930945887332,不适合/样本不足
河北,2024,6,2024-06,生产,1,40.3,40.3,40.3,40.3,40.3,40.3,,,不适合/样本不足
河北,2024,8,2024-08,流通,2,79.55000000000001,79.55000000000001,88.97500000000001,94.63000000000001,96.515,98.4,4.34749225106183,0.3416012396190733,不适合/样本不足
河南,2023,1,2023-01,流通,1,33.0,33.0,33.0,33.0,33.0,33.0,,,不适合/样本不足
河南,2023,1,2023-01,餐饮,4,129.775,87.8,167.5,249.40000000000003,276.69999999999993,304.0,4.544724621530828,0.9152150942919236,可探索但样本偏少
河南,2023,2,2023-02,餐饮,4,45.6,45.650000000000006,45.875,46.19,46.295,46.4,3.8198197438180577,0.015325505193021947,可探索但样本偏少
河南,2023,3,2023-03,餐饮,5,54.220000000000006,47.6,55.0,83.80000000000001,93.39999999999999,103.0,3.896405402291888,0.47237896663809736,可探索但样本偏少
河南,2023,4,2023-04,流通,1,308.0,308.0,308.0,308.0,308.0,308.0,,,不适合/样本不足
河南,2023,4,2023-04,餐饮,30,55.419999999999995,55.8,64.9,85.0,85.16499999999999,85.3,3.9687201983451255,0.3069674407659922,较适合
河南,2023,7,2023-07,餐饮,1,48.9,48.9,48.9,48.9,48.9,48.9,,,不适合/样本不足
河南,2023,9,2023-09,餐饮,1,31.1,31.1,31.1,31.1,31.1,31.1,,,不适合/样本不足
河南,2023,10,2023-10,餐饮,3,213.33333333333334,180.0,233.5,265.6,276.3,287.0,5.33524355371587,0.281498429150343,可探索但样本偏少
河南,2023,11,2023-11,流通,1,127.0,127.0,127.0,127.0,127.0,127.0,,,不适合/样本不足
河南,2023,11,2023-11,餐饮,3,52.86666666666667,52.4,53.7,54.48,54.74,55.0,3.967326436201643,0.03653194677197296,可探索但样本偏少
河南,2023,12,2023-12,餐饮,3,204.6,107.0,274.0,374.20000000000005,407.59999999999997,441.0,4.982831182746675,0.9883730810870974,可探索但样本偏少
河南,2024,1,2024-01,流通,1,32.0,32.0,32.0,32.0,32.0,32.0,,,不适合/样本不足
河南,2024,3,2024-03,餐饮,2,50.9,50.9,58.7,63.38,64.94,66.5,3.88054245580053,0.44782414804439297,不适合/样本不足
河南,2024,6,2024-06,餐饮,5,128.72,122.0,217.0,217.0,217.0,217.0,4.624616677315796,0.8063925523539498,可探索但样本偏少
河南,2024,7,2024-07,餐饮,2,80.55,80.55,87.525,91.71,93.105,94.5,4.373652206023021,0.24741330889672594,不适合/样本不足
河南,2024,8,2024-08,餐饮,1,452.0,452.0,452.0,452.0,452.0,452.0,,,不适合/样本不足
河南,2024,9,2024-09,餐饮,2,38.25,38.25,41.225,43.010000000000005,43.605000000000004,44.2,3.6318960096561317,0.22178938683681843,不适合/样本不足
河南,2024,11,2024-11,餐饮,1,34.5,34.5,34.5,34.5,34.5,34.5,,,不适合/样本不足
河南,2024,12,2024-12,流通,1,199.0,199.0,199.0,199.0,199.0,199.0,,,不适合/样本不足
河南,2024,12,2024-12,餐饮,1,32.3,32.3,32.3,32.3,32.3,32.3,,,不适合/样本不足
浙江,2023,6,2023-06,餐饮,1,158.0,158.0,158.0,158.0,158.0,158.0,,,不适合/样本不足
浙江,2023,8,2023-08,餐饮,1,27.5,27.5,27.5,27.5,27.5,27.5,,,不适合/样本不足
浙江,2023,12,2023-12,餐饮,1,518.0,518.0,518.0,518.0,518.0,518.0,,,不适合/样本不足
浙江,2024,4,2024-04,生产,1,38.7,38.7,38.7,38.7,38.7,38.7,,,不适合/样本不足
浙江,2024,5,2024-05,餐饮,1,46.2,46.2,46.2,46.2,46.2,46.2,,,不适合/样本不足
浙江,2024,6,2024-06,流通,2,41.05,41.05,41.925,42.449999999999996,42.625,42.8,3.713881310731483,0.060325813570460275,不适合/样本不足
浙江,2024,7,2024-07,流通,1,77.0,77.0,77.0,77.0,77.0,77.0,,,不适合/样本不足
浙江,2024,11,2024-11,生产,1,50.3,50.3,50.3,50.3,50.3,50.3,,,不适合/样本不足
海南,2024,4,2024-04,餐饮,1,281.0,281.0,281.0,281.0,281.0,281.0,,,不适合/样本不足
海南,2024,5,2024-05,生产,1,59.0,59.0,59.0,59.0,59.0,59.0,,,不适合/样本不足
海南,2024,7,2024-07,餐饮,1,38.2,38.2,38.2,38.2,38.2,38.2,,,不适合/样本不足
湖北,2023,12,2023-12,餐饮,1,25.6,25.6,25.6,25.6,25.6,25.6,,,不适合/样本不足
湖北,2024,1,2024-01,餐饮,1,51.8,51.8,51.8,51.8,51.8,51.8,,,不适合/样本不足
湖北,2024,11,2024-11,餐饮,2,65.1,65.1,67.7,69.25999999999999,69.78,70.3,4.172724151969011,0.11320446780793902,不适合/样本不足
湖北,2024,12,2024-12,餐饮,2,258.5,258.5,275.75,286.1,289.55,293.0,5.545909330436054,0.18987694949794717,不适合/样本不足
湖南,2024,4,2024-04,生产,1,27.7,27.7,27.7,27.7,27.7,27.7,,,不适合/样本不足
湖南,2024,10,2024-10,生产,2,53.4,53.4,57.099999999999994,59.32,60.059999999999995,60.8,3.968115592730608,0.19724629992583445,不适合/样本不足
甘肃,2024,3,2024-03,餐饮,2,56.2,56.2,66.2,72.2,74.2,76.2,3.961210290762163,0.5263012345970662,不适合/样本不足
甘肃,2024,5,2024-05,餐饮,1,64.4,64.4,64.4,64.4,64.4,64.4,,,不适合/样本不足
甘肃,2024,12,2024-12,餐饮,1,261.0,261.0,261.0,261.0,261.0,261.0,,,不适合/样本不足
福建,2024,1,2024-01,流通,3,179.66666666666666,176.0,213.5,236.0,243.5,251.0,5.138145268488343,0.4044478480913114,可探索但样本偏少
福建,2024,9,2024-09,生产,1,56.7,56.7,56.7,56.7,56.7,56.7,,,不适合/样本不足
贵州,2023,10,2023-10,餐饮,4,183.2,144.0,207.25,294.1,323.04999999999995,352.0,5.080698605493039,0.5670656801722962,可探索但样本偏少
贵州,2023,12,2023-12,流通,1,4.6,4.6,4.6,4.6,4.6,4.6,,,不适合/样本不足
贵州,2023,12,2023-12,餐饮,1,95.1,95.1,95.1,95.1,95.1,95.1,,,不适合/样本不足
贵州,2024,3,2024-03,流通,1,91.0,91.0,91.0,91.0,91.0,91.0,,,不适合/样本不足
贵州,2024,10,2024-10,餐饮,2,68.05,68.05,85.025,95.21000000000001,98.60499999999999,102.0,4.07713509878687,0.7747595258217024,不适合/样本不足
贵州,2024,11,2024-11,流通,1,43.5,43.5,43.5,43.5,43.5,43.5,,,不适合/样本不足
贵州,2024,12,2024-12,餐饮,5,89.9,78.8,144.0,144.0,144.0,144.0,4.347366330938394,0.6329370314865023,可探索但样本偏少
陕西,2024,8,2024-08,餐饮,1,37.1,37.1,37.1,37.1,37.1,37.1,,,不适合/样本不足
陕西,2024,12,2024-12,餐饮,3,31.96666666666667,24.3,36.45,43.74,46.17,48.6,3.403198032394034,0.4169679286131591,可探索但样本偏少
黑龙江,2024,8,2024-08,流通,1,44.9,44.9,44.9,44.9,44.9,44.9,,,不适合/样本不足
