省份,年份,月份,年月,供应链环节,抽检总批次数,合格批次数,不合格批次数,AFB1相关记录数,AFB1相关不合格批次数,浓度可用记录数,不合格率,AFB1相关不合格率,数据完整性标记
上海,2023,1,2023-01,流通,1,1,0,0,0,0,0.0,,基本完整
上海,2023,2,2023-02,流通,6,6,0,0,0,0,0.0,,基本完整
上海,2023,3,2023-03,流通,14,14,0,0,0,0,0.0,,基本完整
上海,2023,3,2023-03,生产,7,7,0,0,0,0,0.0,,基本完整
上海,2023,4,2023-04,流通,6,6,0,0,0,0,0.0,,基本完整
上海,2023,4,2023-04,餐饮,1,1,0,0,0,0,0.0,,基本完整
上海,2023,5,2023-05,流通,15,15,0,0,0,0,0.0,,基本完整
上海,2023,5,2023-05,餐饮,2,2,0,0,0,0,0.0,,基本完整
上海,2023,6,2023-06,流通,8,8,0,0,0,0,0.0,,基本完整
上海,2023,6,2023-06,生产,6,6,0,0,0,0,0.0,,基本完整
上海,2023,7,2023-07,流通,4,4,0,0,0,0,0.0,,基本完整
上海,2023,7,2023-07,餐饮,1,1,0,0,0,0,0.0,,基本完整
上海,2023,8,2023-08,流通,5,4,1,0,0,0,0.2,,基本完整
上海,2023,8,2023-08,生产,1,1,0,0,0,0,0.0,,基本完整
上海,2023,8,2023-08,餐饮,1,1,0,0,0,0,0.0,,基本完整
上海,2023,9,2023-09,流通,10,10,0,0,0,0,0.0,,基本完整
上海,2023,10,2023-10,流通,4,4,0,0,0,0,0.0,,基本完整
上海,2023,11,2023-11,流通,7,7,0,0,0,0,0.0,,基本完整
上海,2023,11,2023-11,餐饮,4,4,0,0,0,0,0.0,,基本完整
上海,2023,12,2023-12,流通,10,10,0,0,0,0,0.0,,基本完整
上海,2023,12,2023-12,餐饮,1,1,0,0,0,0,0.0,,基本完整
上海,2024,1,2024-01,流通,5,5,0,0,0,0,0.0,,基本完整
上海,2024,2,2024-02,流通,3,3,0,0,0,0,0.0,,基本完整
上海,2024,3,2024-03,流通,5,5,0,0,0,0,0.0,,基本完整
上海,2024,4,2024-04,流通,5,5,0,0,0,0,0.0,,基本完整
上海,2024,5,2024-05,流通,3,3,0,0,0,0,0.0,,基本完整
上海,2024,6,2024-06,流通,2,2,0,0,0,0,0.0,,基本完整
上海,2024,6,2024-06,生产,2,2,0,0,0,0,0.0,,基本完整
上海,2024,6,2024-06,餐饮,1,1,0,0,0,0,0.0,,基本完整
上海,2024,7,2024-07,流通,5,5,0,0,0,0,0.0,,基本完整
上海,2024,7,2024-07,生产,5,5,0,0,0,0,0.0,,基本完整
上海,2024,8,2024-08,流通,1,1,0,0,0,0,0.0,,基本完整
上海,2024,9,2024-09,流通,5,5,0,0,0,0,0.0,,基本完整
上海,2024,9,2024-09,生产,1,1,0,0,0,0,0.0,,基本完整
上海,2024,10,2024-10,流通,3,3,0,0,0,0,0.0,,基本完整
上海,2024,11,2024-11,流通,8,8,0,0,0,0,0.0,,基本完整
上海,2024,11,2024-11,生产,8,8,0,0,0,0,0.0,,基本完整
上海,2024,12,2024-12,流通,4,4,0,0,0,0,0.0,,基本完整
上海,2024,12,2024-12,生产,2,2,0,0,0,0,0.0,,基本完整
不详,2023,1,2023-01,流通,526,520,6,3,2,2,0.011406844106463879,0.6666666666666666,基本完整
不详,2023,1,2023-01,餐饮,121,121,0,0,0,0,0.0,,基本完整
不详,2023,2,2023-02,流通,290,277,13,12,12,12,0.04482758620689655,1.0,基本完整
不详,2023,2,2023-02,餐饮,23,23,0,0,0,0,0.0,,基本完整
不详,2023,3,2023-03,流通,367,361,6,23,5,4,0.01634877384196185,0.21739130434782608,基本完整
不详,2023,3,2023-03,餐饮,73,73,0,0,0,0,0.0,,基本完整
不详,2023,4,2023-04,流通,554,548,6,14,3,3,0.010830324909747292,0.21428571428571427,基本完整
不详,2023,4,2023-04,生产,1,1,0,0,0,0,0.0,,基本完整
不详,2023,4,2023-04,餐饮,95,95,0,1,0,0,0.0,0.0,基本完整
不详,2023,5,2023-05,流通,353,347,6,5,4,4,0.0169971671388102,0.8,基本完整
不详,2023,5,2023-05,餐饮,111,111,0,0,0,0,0.0,,基本完整
不详,2023,6,2023-06,流通,941,933,8,27,4,4,0.008501594048884165,0.14814814814814814,基本完整
不详,2023,6,2023-06,餐饮,90,90,0,3,0,0,0.0,0.0,基本完整
不详,2023,7,2023-07,流通,938,919,19,29,10,10,0.02025586353944563,0.3448275862068966,基本完整
不详,2023,7,2023-07,餐饮,164,163,1,8,1,1,0.006097560975609756,0.125,基本完整
不详,2023,8,2023-08,流通,1034,1012,22,31,7,6,0.02127659574468085,0.22580645161290322,基本完整
不详,2023,8,2023-08,生产,1,1,0,0,0,0,0.0,,基本完整
不详,2023,8,2023-08,餐饮,194,193,1,6,0,0,0.005154639175257732,0.0,基本完整
不详,2023,9,2023-09,流通,1043,1024,19,22,6,6,0.01821668264621285,0.2727272727272727,基本完整
不详,2023,9,2023-09,生产,16,16,0,0,0,0,0.0,,基本完整
不详,2023,9,2023-09,餐饮,206,206,0,8,0,0,0.0,0.0,基本完整
不详,2023,10,2023-10,流通,973,927,46,31,17,16,0.047276464542651594,0.5483870967741935,基本完整
不详,2023,10,2023-10,生产,10,9,1,1,1,1,0.1,1.0,基本完整
不详,2023,10,2023-10,餐饮,228,224,4,5,4,2,0.017543859649122806,0.8,基本完整
不详,2023,11,2023-11,其他,1,0,1,0,0,0,1.0,,基本完整
不详,2023,11,2023-11,流通,1535,1489,46,48,24,22,0.02996742671009772,0.5,基本完整
不详,2023,11,2023-11,生产,3,2,1,1,1,1,0.3333333333333333,1.0,基本完整
不详,2023,11,2023-11,餐饮,280,275,5,7,5,5,0.017857142857142856,0.7142857142857143,基本完整
不详,2023,12,2023-12,流通,2084,2025,59,65,39,33,0.02831094049904031,0.6,基本完整
不详,2023,12,2023-12,生产,16,11,5,3,3,3,0.3125,1.0,基本完整
不详,2023,12,2023-12,餐饮,408,402,6,8,4,4,0.014705882352941176,0.5,基本完整
不详,2024,1,2024-01,流通,621,608,13,11,11,11,0.020933977455716585,1.0,基本完整
不详,2024,1,2024-01,生产,39,39,0,0,0,0,0.0,,基本完整
不详,2024,1,2024-01,餐饮,64,62,2,2,2,2,0.03125,1.0,基本完整
不详,2024,2,2024-02,流通,309,297,12,12,11,11,0.038834951456310676,0.9166666666666666,基本完整
不详,2024,2,2024-02,生产,9,8,1,0,0,0,0.1111111111111111,,基本完整
不详,2024,2,2024-02,餐饮,17,16,1,1,1,1,0.058823529411764705,1.0,基本完整
不详,2024,3,2024-03,其他,2,0,2,2,2,2,1.0,1.0,基本完整
不详,2024,3,2024-03,流通,399,389,10,10,10,10,0.02506265664160401,1.0,基本完整
不详,2024,3,2024-03,生产,2,2,0,0,0,0,0.0,,基本完整
不详,2024,3,2024-03,餐饮,39,39,0,0,0,0,0.0,,基本完整
不详,2024,4,2024-04,其他,7,7,0,0,0,0,0.0,,基本完整
不详,2024,4,2024-04,流通,547,525,22,17,17,17,0.04021937842778794,1.0,基本完整
不详,2024,4,2024-04,餐饮,83,81,2,2,2,2,0.024096385542168676,1.0,基本完整
不详,2024,5,2024-05,流通,665,643,22,16,16,15,0.03308270676691729,1.0,基本完整
不详,2024,5,2024-05,餐饮,99,93,6,5,5,5,0.06060606060606061,1.0,基本完整
不详,2024,6,2024-06,流通,898,877,21,37,17,17,0.02338530066815145,0.4594594594594595,基本完整
不详,2024,6,2024-06,生产,3,3,0,0,0,0,0.0,,基本完整
不详,2024,6,2024-06,餐饮,183,178,5,4,4,4,0.0273224043715847,1.0,基本完整
不详,2024,7,2024-07,流通,837,810,27,25,19,19,0.03225806451612903,0.76,基本完整
不详,2024,7,2024-07,生产,4,4,0,0,0,0,0.0,,基本完整
不详,2024,7,2024-07,餐饮,211,206,5,2,2,2,0.023696682464454975,1.0,基本完整
不详,2024,8,2024-08,流通,782,743,39,25,19,19,0.049872122762148335,0.76,基本完整
不详,2024,8,2024-08,餐饮,73,71,2,3,2,2,0.0273972602739726,0.6666666666666666,基本完整
不详,2024,9,2024-09,流通,917,889,28,51,17,16,0.030534351145038167,0.3333333333333333,基本完整
不详,2024,9,2024-09,生产,3,3,0,0,0,0,0.0,,基本完整
不详,2024,9,2024-09,餐饮,131,123,8,18,6,4,0.061068702290076333,0.3333333333333333,基本完整
不详,2024,10,2024-10,流通,879,852,27,15,15,15,0.030716723549488054,1.0,基本完整
不详,2024,10,2024-10,餐饮,72,67,5,4,4,4,0.06944444444444445,1.0,基本完整
不详,2024,11,2024-11,流通,1291,1256,35,63,16,16,0.027110766847405113,0.25396825396825395,基本完整
不详,2024,11,2024-11,生产,15,14,1,0,0,0,0.06666666666666667,,基本完整
不详,2024,11,2024-11,餐饮,137,132,5,8,5,4,0.0364963503649635,0.625,基本完整
不详,2024,12,2024-12,流通,1416,1381,35,40,22,20,0.024717514124293787,0.55,基本完整
不详,2024,12,2024-12,生产,6,6,0,0,0,0,0.0,,基本完整
不详,2024,12,2024-12,餐饮,571,563,8,4,4,3,0.014010507880910683,1.0,基本完整
云南,2023,1,2023-01,流通,6,6,0,0,0,0,0.0,,基本完整
云南,2023,1,2023-01,餐饮,7,7,0,0,0,0,0.0,,基本完整
云南,2023,2,2023-02,流通,4,4,0,0,0,0,0.0,,基本完整
云南,2023,2,2023-02,餐饮,6,6,0,0,0,0,0.0,,基本完整
云南,2023,3,2023-03,流通,14,14,0,0,0,0,0.0,,基本完整
云南,2023,3,2023-03,餐饮,86,86,0,0,0,0,0.0,,基本完整
云南,2023,4,2023-04,流通,1,1,0,0,0,0,0.0,,基本完整
云南,2023,5,2023-05,流通,3,3,0,0,0,0,0.0,,基本完整
云南,2023,5,2023-05,生产,5,5,0,0,0,0,0.0,,基本完整
云南,2023,5,2023-05,餐饮,2,2,0,0,0,0,0.0,,基本完整
云南,2023,6,2023-06,流通,5,5,0,0,0,0,0.0,,基本完整
云南,2023,6,2023-06,餐饮,1,1,0,0,0,0,0.0,,基本完整
云南,2023,7,2023-07,流通,5,5,0,0,0,0,0.0,,基本完整
云南,2023,7,2023-07,餐饮,9,9,0,0,0,0,0.0,,基本完整
云南,2023,8,2023-08,流通,6,6,0,0,0,0,0.0,,基本完整
云南,2023,8,2023-08,餐饮,2,2,0,0,0,0,0.0,,基本完整
云南,2023,9,2023-09,流通,6,6,0,0,0,0,0.0,,基本完整
云南,2023,9,2023-09,生产,2,2,0,0,0,0,0.0,,基本完整
云南,2023,9,2023-09,餐饮,69,69,0,0,0,0,0.0,,基本完整
云南,2023,10,2023-10,流通,5,5,0,0,0,0,0.0,,基本完整
云南,2023,10,2023-10,生产,4,4,0,0,0,0,0.0,,基本完整
云南,2023,10,2023-10,餐饮,24,24,0,0,0,0,0.0,,基本完整
云南,2023,11,2023-11,流通,9,9,0,0,0,0,0.0,,基本完整
云南,2023,11,2023-11,生产,3,2,1,1,1,1,0.3333333333333333,1.0,基本完整
云南,2023,11,2023-11,餐饮,7,7,0,0,0,0,0.0,,基本完整
云南,2023,12,2023-12,流通,14,14,0,0,0,0,0.0,,基本完整
云南,2023,12,2023-12,生产,1,0,1,1,1,1,1.0,1.0,基本完整
云南,2023,12,2023-12,餐饮,91,89,2,2,2,2,0.02197802197802198,1.0,基本完整
云南,2024,1,2024-01,流通,3,3,0,0,0,0,0.0,,基本完整
云南,2024,2,2024-02,流通,10,9,1,0,0,0,0.1,,基本完整
云南,2024,2,2024-02,生产,1,1,0,0,0,0,0.0,,基本完整
云南,2024,3,2024-03,流通,2,1,1,0,0,0,0.5,,基本完整
云南,2024,4,2024-04,流通,7,7,0,0,0,0,0.0,,基本完整
云南,2024,4,2024-04,餐饮,39,38,1,1,1,1,0.02564102564102564,1.0,基本完整
云南,2024,5,2024-05,流通,2,2,0,0,0,0,0.0,,基本完整
云南,2024,5,2024-05,餐饮,2,2,0,0,0,0,0.0,,基本完整
云南,2024,6,2024-06,流通,3,3,0,0,0,0,0.0,,基本完整
云南,2024,6,2024-06,生产,1,1,0,0,0,0,0.0,,基本完整
云南,2024,6,2024-06,餐饮,7,7,0,0,0,0,0.0,,基本完整
云南,2024,7,2024-07,流通,8,8,0,0,0,0,0.0,,基本完整
云南,2024,7,2024-07,餐饮,83,83,0,0,0,0,0.0,,基本完整
云南,2024,8,2024-08,流通,8,7,1,0,0,0,0.125,,基本完整
云南,2024,8,2024-08,餐饮,2,2,0,0,0,0,0.0,,基本完整
云南,2024,9,2024-09,流通,1,1,0,0,0,0,0.0,,基本完整
云南,2024,9,2024-09,生产,1,1,0,0,0,0,0.0,,基本完整
云南,2024,9,2024-09,餐饮,4,4,0,0,0,0,0.0,,基本完整
云南,2024,10,2024-10,流通,8,8,0,0,0,0,0.0,,基本完整
云南,2024,10,2024-10,生产,2,2,0,0,0,0,0.0,,基本完整
云南,2024,10,2024-10,餐饮,13,13,0,0,0,0,0.0,,基本完整
云南,2024,11,2024-11,流通,10,10,0,0,0,0,0.0,,基本完整
云南,2024,11,2024-11,餐饮,44,44,0,0,0,0,0.0,,基本完整
云南,2024,12,2024-12,流通,15,14,1,1,0,0,0.06666666666666667,0.0,基本完整
云南,2024,12,2024-12,餐饮,24,24,0,0,0,0,0.0,,基本完整
内蒙古,2023,1,2023-01,餐饮,7,7,0,0,0,0,0.0,,基本完整
内蒙古,2023,2,2023-02,流通,1,1,0,0,0,0,0.0,,基本完整
内蒙古,2023,3,2023-03,流通,5,5,0,0,0,0,0.0,,基本完整
内蒙古,2023,3,2023-03,餐饮,9,9,0,0,0,0,0.0,,基本完整
内蒙古,2023,4,2023-04,流通,2,2,0,0,0,0,0.0,,基本完整
内蒙古,2023,4,2023-04,生产,1,1,0,0,0,0,0.0,,基本完整
内蒙古,2023,5,2023-05,流通,8,8,0,0,0,0,0.0,,基本完整
内蒙古,2023,5,2023-05,餐饮,11,11,0,0,0,0,0.0,,基本完整
内蒙古,2023,6,2023-06,流通,9,9,0,0,0,0,0.0,,基本完整
内蒙古,2023,6,2023-06,餐饮,6,6,0,0,0,0,0.0,,基本完整
内蒙古,2023,7,2023-07,流通,15,14,1,0,0,0,0.06666666666666667,,基本完整
内蒙古,2023,7,2023-07,餐饮,8,8,0,0,0,0,0.0,,基本完整
内蒙古,2023,8,2023-08,流通,10,10,0,0,0,0,0.0,,基本完整
内蒙古,2023,8,2023-08,餐饮,20,20,0,0,0,0,0.0,,基本完整
内蒙古,2023,9,2023-09,流通,8,7,1,0,0,0,0.125,,基本完整
内蒙古,2023,9,2023-09,餐饮,13,13,0,0,0,0,0.0,,基本完整
内蒙古,2023,10,2023-10,流通,7,7,0,0,0,0,0.0,,基本完整
内蒙古,2023,10,2023-10,生产,1,1,0,0,0,0,0.0,,基本完整
内蒙古,2023,10,2023-10,餐饮,14,14,0,0,0,0,0.0,,基本完整
内蒙古,2023,11,2023-11,流通,5,5,0,0,0,0,0.0,,基本完整
内蒙古,2023,11,2023-11,生产,2,2,0,0,0,0,0.0,,基本完整
内蒙古,2023,11,2023-11,餐饮,34,34,0,0,0,0,0.0,,基本完整
内蒙古,2023,12,2023-12,流通,12,12,0,0,0,0,0.0,,基本完整
内蒙古,2023,12,2023-12,生产,1,1,0,0,0,0,0.0,,基本完整
内蒙古,2023,12,2023-12,餐饮,18,18,0,0,0,0,0.0,,基本完整
内蒙古,2024,1,2024-01,流通,2,2,0,0,0,0,0.0,,基本完整
内蒙古,2024,2,2024-02,流通,3,2,1,1,1,1,0.3333333333333333,1.0,基本完整
内蒙古,2024,2,2024-02,生产,1,1,0,0,0,0,0.0,,基本完整
内蒙古,2024,3,2024-03,流通,2,2,0,0,0,0,0.0,,基本完整
内蒙古,2024,4,2024-04,流通,4,4,0,0,0,0,0.0,,基本完整
内蒙古,2024,5,2024-05,流通,1,1,0,0,0,0,0.0,,基本完整
内蒙古,2024,6,2024-06,流通,3,3,0,0,0,0,0.0,,基本完整
内蒙古,2024,7,2024-07,流通,8,8,0,0,0,0,0.0,,基本完整
内蒙古,2024,7,2024-07,生产,1,1,0,0,0,0,0.0,,基本完整
内蒙古,2024,8,2024-08,流通,5,5,0,0,0,0,0.0,,基本完整
内蒙古,2024,8,2024-08,餐饮,16,16,0,0,0,0,0.0,,基本完整
内蒙古,2024,9,2024-09,流通,3,3,0,0,0,0,0.0,,基本完整
内蒙古,2024,10,2024-10,流通,18,18,0,0,0,0,0.0,,基本完整
内蒙古,2024,10,2024-10,生产,1,0,1,0,0,0,1.0,,基本完整
内蒙古,2024,10,2024-10,餐饮,2,2,0,0,0,0,0.0,,基本完整
内蒙古,2024,11,2024-11,流通,9,9,0,0,0,0,0.0,,基本完整
内蒙古,2024,11,2024-11,餐饮,42,42,0,0,0,0,0.0,,基本完整
内蒙古,2024,12,2024-12,流通,6,6,0,0,0,0,0.0,,基本完整
内蒙古,2024,12,2024-12,餐饮,12,12,0,0,0,0,0.0,,基本完整
北京,2023,1,2023-01,流通,1,1,0,0,0,0,0.0,,基本完整
北京,2023,2,2023-02,餐饮,4,4,0,0,0,0,0.0,,基本完整
北京,2023,3,2023-03,生产,2,2,0,0,0,0,0.0,,基本完整
北京,2023,4,2023-04,流通,1,1,0,0,0,0,0.0,,基本完整
北京,2023,4,2023-04,餐饮,6,6,0,0,0,0,0.0,,基本完整
北京,2023,5,2023-05,流通,5,5,0,0,0,0,0.0,,基本完整
北京,2023,6,2023-06,流通,2,2,0,0,0,0,0.0,,基本完整
北京,2023,6,2023-06,餐饮,5,5,0,0,0,0,0.0,,基本完整
北京,2023,7,2023-07,流通,3,2,1,0,0,0,0.3333333333333333,,基本完整
北京,2023,8,2023-08,流通,2,2,0,0,0,0,0.0,,基本完整
北京,2023,8,2023-08,餐饮,1,1,0,0,0,0,0.0,,基本完整
北京,2023,9,2023-09,流通,2,2,0,0,0,0,0.0,,基本完整
北京,2023,10,2023-10,流通,3,3,0,0,0,0,0.0,,基本完整
北京,2023,10,2023-10,生产,1,1,0,0,0,0,0.0,,基本完整
北京,2023,11,2023-11,流通,4,4,0,0,0,0,0.0,,基本完整
北京,2023,11,2023-11,生产,1,1,0,0,0,0,0.0,,基本完整
北京,2023,11,2023-11,餐饮,1,1,0,0,0,0,0.0,,基本完整
北京,2023,12,2023-12,流通,3,3,0,0,0,0,0.0,,基本完整
北京,2023,12,2023-12,餐饮,4,4,0,0,0,0,0.0,,基本完整
北京,2024,1,2024-01,生产,3,3,0,0,0,0,0.0,,基本完整
北京,2024,1,2024-01,餐饮,2,2,0,0,0,0,0.0,,基本完整
北京,2024,2,2024-02,流通,3,3,0,0,0,0,0.0,,基本完整
北京,2024,3,2024-03,流通,1,1,0,0,0,0,0.0,,基本完整
北京,2024,4,2024-04,流通,1,1,0,0,0,0,0.0,,基本完整
北京,2024,4,2024-04,餐饮,21,21,0,0,0,0,0.0,,基本完整
北京,2024,5,2024-05,餐饮,4,4,0,0,0,0,0.0,,基本完整
北京,2024,6,2024-06,流通,1,1,0,0,0,0,0.0,,基本完整
北京,2024,6,2024-06,生产,1,1,0,0,0,0,0.0,,基本完整
北京,2024,7,2024-07,餐饮,14,14,0,0,0,0,0.0,,基本完整
北京,2024,8,2024-08,餐饮,13,11,2,1,1,1,0.15384615384615385,1.0,基本完整
北京,2024,9,2024-09,餐饮,3,3,0,0,0,0,0.0,,基本完整
北京,2024,10,2024-10,餐饮,9,9,0,0,0,0,0.0,,基本完整
北京,2024,11,2024-11,流通,2,2,0,0,0,0,0.0,,基本完整
北京,2024,11,2024-11,生产,3,3,0,0,0,0,0.0,,基本完整
北京,2024,11,2024-11,餐饮,5,4,1,0,0,0,0.2,,基本完整
北京,2024,12,2024-12,餐饮,2,2,0,0,0,0,0.0,,基本完整
台湾,2023,12,2023-12,流通,2,2,0,1,0,0,0.0,0.0,基本完整
吉林,2023,1,2023-01,流通,5,5,0,0,0,0,0.0,,基本完整
吉林,2023,1,2023-01,餐饮,3,3,0,0,0,0,0.0,,基本完整
吉林,2023,2,2023-02,流通,7,7,0,0,0,0,0.0,,基本完整
吉林,2023,3,2023-03,流通,13,13,0,0,0,0,0.0,,基本完整
吉林,2023,4,2023-04,餐饮,1,1,0,0,0,0,0.0,,基本完整
吉林,2023,5,2023-05,流通,4,4,0,0,0,0,0.0,,基本完整
吉林,2023,5,2023-05,餐饮,11,11,0,0,0,0,0.0,,基本完整
吉林,2023,6,2023-06,流通,29,28,1,0,0,0,0.034482758620689655,,基本完整
吉林,2023,6,2023-06,生产,4,4,0,0,0,0,0.0,,基本完整
吉林,2023,6,2023-06,餐饮,60,60,0,0,0,0,0.0,,基本完整
吉林,2023,7,2023-07,流通,17,17,0,0,0,0,0.0,,基本完整
吉林,2023,7,2023-07,餐饮,52,52,0,0,0,0,0.0,,基本完整
吉林,2023,8,2023-08,流通,39,39,0,0,0,0,0.0,,基本完整
吉林,2023,8,2023-08,餐饮,16,16,0,0,0,0,0.0,,基本完整
吉林,2023,9,2023-09,流通,15,15,0,0,0,0,0.0,,基本完整
吉林,2023,9,2023-09,生产,1,1,0,0,0,0,0.0,,基本完整
吉林,2023,9,2023-09,餐饮,1,1,0,0,0,0,0.0,,基本完整
吉林,2023,10,2023-10,流通,28,27,1,0,0,0,0.03571428571428571,,基本完整
吉林,2023,10,2023-10,餐饮,2,2,0,0,0,0,0.0,,基本完整
吉林,2023,11,2023-11,流通,35,35,0,0,0,0,0.0,,基本完整
吉林,2023,11,2023-11,餐饮,13,13,0,0,0,0,0.0,,基本完整
吉林,2023,12,2023-12,流通,32,32,0,0,0,0,0.0,,基本完整
吉林,2023,12,2023-12,生产,2,2,0,0,0,0,0.0,,基本完整
吉林,2023,12,2023-12,餐饮,25,25,0,0,0,0,0.0,,基本完整
吉林,2024,1,2024-01,流通,4,4,0,0,0,0,0.0,,基本完整
吉林,2024,1,2024-01,餐饮,8,8,0,0,0,0,0.0,,基本完整
吉林,2024,2,2024-02,流通,35,35,0,0,0,0,0.0,,基本完整
吉林,2024,2,2024-02,餐饮,11,11,0,0,0,0,0.0,,基本完整
吉林,2024,3,2024-03,流通,14,14,0,0,0,0,0.0,,基本完整
吉林,2024,5,2024-05,流通,14,14,0,0,0,0,0.0,,基本完整
吉林,2024,5,2024-05,餐饮,17,17,0,0,0,0,0.0,,基本完整
吉林,2024,6,2024-06,流通,43,43,0,0,0,0,0.0,,基本完整
吉林,2024,6,2024-06,餐饮,6,6,0,0,0,0,0.0,,基本完整
吉林,2024,7,2024-07,流通,30,30,0,0,0,0,0.0,,基本完整
吉林,2024,7,2024-07,餐饮,16,16,0,0,0,0,0.0,,基本完整
吉林,2024,8,2024-08,流通,24,24,0,0,0,0,0.0,,基本完整
吉林,2024,9,2024-09,流通,44,44,0,0,0,0,0.0,,基本完整
吉林,2024,9,2024-09,餐饮,17,17,0,0,0,0,0.0,,基本完整
吉林,2024,10,2024-10,流通,13,13,0,0,0,0,0.0,,基本完整
吉林,2024,10,2024-10,生产,1,1,0,0,0,0,0.0,,基本完整
吉林,2024,10,2024-10,餐饮,22,22,0,0,0,0,0.0,,基本完整
吉林,2024,11,2024-11,流通,29,28,1,0,0,0,0.034482758620689655,,基本完整
吉林,2024,11,2024-11,生产,6,6,0,0,0,0,0.0,,基本完整
吉林,2024,11,2024-11,餐饮,2,2,0,0,0,0,0.0,,基本完整
吉林,2024,12,2024-12,流通,51,50,1,0,0,0,0.0196078431372549,,基本完整
吉林,2024,12,2024-12,生产,2,2,0,0,0,0,0.0,,基本完整
吉林,2024,12,2024-12,餐饮,11,11,0,0,0,0,0.0,,基本完整
四川,2023,1,2023-01,流通,19,19,0,0,0,0,0.0,,基本完整
四川,2023,1,2023-01,生产,2,2,0,0,0,0,0.0,,基本完整
四川,2023,1,2023-01,餐饮,1,1,0,0,0,0,0.0,,基本完整
四川,2023,2,2023-02,流通,12,12,0,0,0,0,0.0,,基本完整
四川,2023,2,2023-02,餐饮,14,14,0,0,0,0,0.0,,基本完整
四川,2023,3,2023-03,流通,31,31,0,0,0,0,0.0,,基本完整
四川,2023,3,2023-03,生产,2,2,0,0,0,0,0.0,,基本完整
四川,2023,3,2023-03,餐饮,4,4,0,0,0,0,0.0,,基本完整
四川,2023,4,2023-04,流通,11,11,0,0,0,0,0.0,,基本完整
四川,2023,4,2023-04,餐饮,1,0,1,1,1,1,1.0,1.0,基本完整
四川,2023,5,2023-05,流通,16,16,0,0,0,0,0.0,,基本完整
四川,2023,5,2023-05,生产,4,4,0,0,0,0,0.0,,基本完整
四川,2023,5,2023-05,餐饮,3,3,0,0,0,0,0.0,,基本完整
四川,2023,6,2023-06,流通,57,55,2,0,0,0,0.03508771929824561,,基本完整
四川,2023,6,2023-06,餐饮,6,6,0,0,0,0,0.0,,基本完整
四川,2023,7,2023-07,流通,34,34,0,0,0,0,0.0,,基本完整
四川,2023,7,2023-07,生产,6,6,0,0,0,0,0.0,,基本完整
四川,2023,7,2023-07,餐饮,4,4,0,0,0,0,0.0,,基本完整
四川,2023,8,2023-08,流通,10,10,0,0,0,0,0.0,,基本完整
四川,2023,8,2023-08,餐饮,1,1,0,0,0,0,0.0,,基本完整
四川,2023,9,2023-09,流通,52,51,1,0,0,0,0.019230769230769232,,基本完整
四川,2023,9,2023-09,生产,1,1,0,0,0,0,0.0,,基本完整
四川,2023,9,2023-09,餐饮,20,19,1,0,0,0,0.05,,基本完整
四川,2023,10,2023-10,流通,38,37,1,0,0,0,0.02631578947368421,,基本完整
四川,2023,10,2023-10,生产,2,2,0,0,0,0,0.0,,基本完整
四川,2023,10,2023-10,餐饮,40,40,0,0,0,0,0.0,,基本完整
四川,2023,11,2023-11,流通,46,44,2,0,0,0,0.043478260869565216,,基本完整
四川,2023,11,2023-11,生产,4,4,0,0,0,0,0.0,,基本完整
四川,2023,11,2023-11,餐饮,70,70,0,0,0,0,0.0,,基本完整
四川,2023,12,2023-12,流通,85,82,3,1,0,0,0.03529411764705882,0.0,基本完整
四川,2023,12,2023-12,生产,8,8,0,0,0,0,0.0,,基本完整
四川,2023,12,2023-12,餐饮,75,74,1,1,1,1,0.013333333333333334,1.0,基本完整
四川,2024,1,2024-01,流通,8,8,0,0,0,0,0.0,,基本完整
四川,2024,1,2024-01,生产,4,4,0,0,0,0,0.0,,基本完整
四川,2024,1,2024-01,餐饮,37,36,1,1,1,1,0.02702702702702703,1.0,基本完整
四川,2024,2,2024-02,流通,15,15,0,0,0,0,0.0,,基本完整
四川,2024,2,2024-02,餐饮,1,1,0,0,0,0,0.0,,基本完整
四川,2024,3,2024-03,流通,7,7,0,0,0,0,0.0,,基本完整
四川,2024,3,2024-03,餐饮,5,4,1,1,1,1,0.2,1.0,基本完整
四川,2024,4,2024-04,流通,14,14,0,0,0,0,0.0,,基本完整
四川,2024,5,2024-05,流通,19,18,1,1,1,1,0.05263157894736842,1.0,基本完整
四川,2024,5,2024-05,餐饮,24,24,0,0,0,0,0.0,,基本完整
四川,2024,6,2024-06,流通,51,50,1,0,0,0,0.0196078431372549,,基本完整
四川,2024,6,2024-06,生产,17,16,1,1,1,1,0.058823529411764705,1.0,基本完整
四川,2024,6,2024-06,餐饮,65,65,0,0,0,0,0.0,,基本完整
四川,2024,7,2024-07,流通,41,41,0,0,0,0,0.0,,基本完整
四川,2024,7,2024-07,生产,18,18,0,0,0,0,0.0,,基本完整
四川,2024,7,2024-07,餐饮,50,50,0,0,0,0,0.0,,基本完整
四川,2024,8,2024-08,流通,21,21,0,0,0,0,0.0,,基本完整
四川,2024,8,2024-08,生产,1,1,0,0,0,0,0.0,,基本完整
四川,2024,8,2024-08,餐饮,63,63,0,0,0,0,0.0,,基本完整
四川,2024,9,2024-09,流通,65,62,3,0,0,0,0.046153846153846156,,基本完整
四川,2024,9,2024-09,生产,9,9,0,0,0,0,0.0,,基本完整
四川,2024,9,2024-09,餐饮,51,51,0,0,0,0,0.0,,基本完整
四川,2024,10,2024-10,流通,36,35,1,0,0,0,0.027777777777777776,,基本完整
四川,2024,10,2024-10,生产,3,2,1,0,0,0,0.3333333333333333,,基本完整
四川,2024,10,2024-10,餐饮,25,25,0,0,0,0,0.0,,基本完整
四川,2024,11,2024-11,流通,44,42,2,0,0,0,0.045454545454545456,,基本完整
四川,2024,11,2024-11,生产,9,9,0,0,0,0,0.0,,基本完整
四川,2024,11,2024-11,餐饮,18,18,0,0,0,0,0.0,,基本完整
四川,2024,12,2024-12,流通,61,61,0,0,0,0,0.0,,基本完整
四川,2024,12,2024-12,生产,8,7,1,0,0,0,0.125,,基本完整
四川,2024,12,2024-12,餐饮,182,182,0,0,0,0,0.0,,基本完整
天津,2023,1,2023-01,流通,16,16,0,0,0,0,0.0,,基本完整
天津,2023,1,2023-01,生产,2,2,0,0,0,0,0.0,,基本完整
天津,2023,1,2023-01,餐饮,1,1,0,0,0,0,0.0,,基本完整
天津,2023,2,2023-02,流通,6,6,0,0,0,0,0.0,,基本完整
天津,2023,2,2023-02,餐饮,1,1,0,0,0,0,0.0,,基本完整
天津,2023,3,2023-03,流通,6,6,0,0,0,0,0.0,,基本完整
天津,2023,4,2023-04,流通,16,16,0,0,0,0,0.0,,基本完整
天津,2023,5,2023-05,流通,13,13,0,0,0,0,0.0,,基本完整
天津,2023,5,2023-05,餐饮,1,1,0,0,0,0,0.0,,基本完整
天津,2023,6,2023-06,流通,16,16,0,0,0,0,0.0,,基本完整
天津,2023,7,2023-07,流通,20,20,0,0,0,0,0.0,,基本完整
天津,2023,7,2023-07,生产,3,3,0,0,0,0,0.0,,基本完整
天津,2023,7,2023-07,餐饮,1,1,0,0,0,0,0.0,,基本完整
天津,2023,8,2023-08,流通,15,15,0,0,0,0,0.0,,基本完整
天津,2023,9,2023-09,流通,16,16,0,0,0,0,0.0,,基本完整
天津,2023,9,2023-09,餐饮,3,3,0,0,0,0,0.0,,基本完整
天津,2023,10,2023-10,流通,33,33,0,0,0,0,0.0,,基本完整
天津,2023,10,2023-10,生产,3,3,0,0,0,0,0.0,,基本完整
天津,2023,10,2023-10,餐饮,8,8,0,0,0,0,0.0,,基本完整
天津,2023,11,2023-11,流通,44,42,2,0,0,0,0.045454545454545456,,基本完整
天津,2023,11,2023-11,生产,2,2,0,0,0,0,0.0,,基本完整
天津,2023,11,2023-11,餐饮,3,3,0,0,0,0,0.0,,基本完整
天津,2023,12,2023-12,流通,61,61,0,0,0,0,0.0,,基本完整
天津,2023,12,2023-12,餐饮,1,1,0,0,0,0,0.0,,基本完整
天津,2024,1,2024-01,流通,8,8,0,0,0,0,0.0,,基本完整
天津,2024,2,2024-02,流通,15,15,0,0,0,0,0.0,,基本完整
天津,2024,3,2024-03,流通,10,10,0,0,0,0,0.0,,基本完整
天津,2024,3,2024-03,生产,1,1,0,0,0,0,0.0,,基本完整
天津,2024,3,2024-03,餐饮,1,1,0,0,0,0,0.0,,基本完整
天津,2024,4,2024-04,流通,21,20,1,0,0,0,0.047619047619047616,,基本完整
天津,2024,5,2024-05,流通,11,11,0,0,0,0,0.0,,基本完整
天津,2024,5,2024-05,餐饮,1,1,0,0,0,0,0.0,,基本完整
天津,2024,6,2024-06,流通,14,14,0,0,0,0,0.0,,基本完整
天津,2024,6,2024-06,餐饮,1,1,0,0,0,0,0.0,,基本完整
天津,2024,7,2024-07,流通,18,18,0,1,0,0,0.0,0.0,基本完整
天津,2024,8,2024-08,流通,9,9,0,0,0,0,0.0,,基本完整
天津,2024,9,2024-09,流通,37,37,0,0,0,0,0.0,,基本完整
天津,2024,9,2024-09,生产,4,4,0,0,0,0,0.0,,基本完整
天津,2024,10,2024-10,流通,28,28,0,0,0,0,0.0,,基本完整
天津,2024,10,2024-10,生产,1,1,0,0,0,0,0.0,,基本完整
天津,2024,11,2024-11,流通,14,14,0,0,0,0,0.0,,基本完整
天津,2024,11,2024-11,生产,3,2,1,0,0,0,0.3333333333333333,,基本完整
天津,2024,11,2024-11,餐饮,1,1,0,0,0,0,0.0,,基本完整
天津,2024,12,2024-12,流通,31,31,0,0,0,0,0.0,,基本完整
天津,2024,12,2024-12,餐饮,1,1,0,0,0,0,0.0,,基本完整
宁夏,2023,1,2023-01,餐饮,1,1,0,0,0,0,0.0,,基本完整
宁夏,2023,2,2023-02,流通,1,1,0,0,0,0,0.0,,基本完整
宁夏,2023,2,2023-02,餐饮,8,8,0,0,0,0,0.0,,基本完整
宁夏,2023,6,2023-06,流通,1,1,0,0,0,0,0.0,,基本完整
宁夏,2023,6,2023-06,餐饮,1,1,0,0,0,0,0.0,,基本完整
宁夏,2023,7,2023-07,餐饮,5,5,0,0,0,0,0.0,,基本完整
宁夏,2023,8,2023-08,生产,1,1,0,0,0,0,0.0,,基本完整
宁夏,2023,8,2023-08,餐饮,14,14,0,0,0,0,0.0,,基本完整
宁夏,2023,11,2023-11,流通,1,1,0,0,0,0,0.0,,基本完整
宁夏,2023,11,2023-11,生产,1,1,0,0,0,0,0.0,,基本完整
宁夏,2023,11,2023-11,餐饮,1,1,0,0,0,0,0.0,,基本完整
宁夏,2023,12,2023-12,餐饮,8,8,0,0,0,0,0.0,,基本完整
宁夏,2024,1,2024-01,餐饮,2,2,0,0,0,0,0.0,,基本完整
宁夏,2024,2,2024-02,流通,1,1,0,0,0,0,0.0,,基本完整
宁夏,2024,2,2024-02,餐饮,5,5,0,0,0,0,0.0,,基本完整
宁夏,2024,3,2024-03,流通,1,1,0,0,0,0,0.0,,基本完整
宁夏,2024,5,2024-05,餐饮,1,1,0,0,0,0,0.0,,基本完整
宁夏,2024,6,2024-06,餐饮,1,1,0,0,0,0,0.0,,基本完整
宁夏,2024,7,2024-07,餐饮,3,3,0,0,0,0,0.0,,基本完整
宁夏,2024,8,2024-08,餐饮,4,4,0,0,0,0,0.0,,基本完整
宁夏,2024,9,2024-09,餐饮,23,23,0,0,0,0,0.0,,基本完整
宁夏,2024,10,2024-10,流通,1,1,0,0,0,0,0.0,,基本完整
宁夏,2024,10,2024-10,餐饮,4,4,0,0,0,0,0.0,,基本完整
宁夏,2024,11,2024-11,餐饮,1,1,0,0,0,0,0.0,,基本完整
宁夏,2024,12,2024-12,餐饮,4,4,0,0,0,0,0.0,,基本完整
安徽,2023,1,2023-01,流通,94,93,1,0,0,0,0.010638297872340425,,基本完整
安徽,2023,1,2023-01,生产,1,1,0,0,0,0,0.0,,基本完整
安徽,2023,1,2023-01,餐饮,11,11,0,0,0,0,0.0,,基本完整
安徽,2023,2,2023-02,流通,61,61,0,0,0,0,0.0,,基本完整
安徽,2023,2,2023-02,生产,1,1,0,0,0,0,0.0,,基本完整
安徽,2023,2,2023-02,餐饮,7,7,0,0,0,0,0.0,,基本完整
安徽,2023,3,2023-03,流通,71,68,3,1,1,1,0.04225352112676056,1.0,基本完整
安徽,2023,3,2023-03,生产,3,3,0,0,0,0,0.0,,基本完整
安徽,2023,3,2023-03,餐饮,9,9,0,0,0,0,0.0,,基本完整
安徽,2023,4,2023-04,流通,125,123,2,3,1,1,0.016,0.3333333333333333,基本完整
安徽,2023,4,2023-04,生产,21,21,0,0,0,0,0.0,,基本完整
安徽,2023,4,2023-04,餐饮,28,28,0,0,0,0,0.0,,基本完整
安徽,2023,5,2023-05,流通,81,81,0,0,0,0,0.0,,基本完整
安徽,2023,5,2023-05,生产,11,11,0,0,0,0,0.0,,基本完整
安徽,2023,5,2023-05,餐饮,16,15,1,1,1,1,0.0625,1.0,基本完整
安徽,2023,6,2023-06,流通,118,117,1,0,0,0,0.00847457627118644,,基本完整
安徽,2023,6,2023-06,生产,12,12,0,0,0,0,0.0,,基本完整
安徽,2023,6,2023-06,餐饮,7,7,0,0,0,0,0.0,,基本完整
安徽,2023,7,2023-07,流通,109,109,0,0,0,0,0.0,,基本完整
安徽,2023,7,2023-07,生产,10,10,0,0,0,0,0.0,,基本完整
安徽,2023,7,2023-07,餐饮,12,12,0,0,0,0,0.0,,基本完整
安徽,2023,8,2023-08,流通,146,143,3,0,0,0,0.02054794520547945,,基本完整
安徽,2023,8,2023-08,生产,8,8,0,0,0,0,0.0,,基本完整
安徽,2023,8,2023-08,餐饮,4,4,0,0,0,0,0.0,,基本完整
安徽,2023,9,2023-09,流通,104,104,0,0,0,0,0.0,,基本完整
安徽,2023,9,2023-09,生产,5,5,0,0,0,0,0.0,,基本完整
安徽,2023,9,2023-09,餐饮,7,7,0,0,0,0,0.0,,基本完整
安徽,2023,10,2023-10,流通,143,142,1,2,0,0,0.006993006993006993,0.0,基本完整
安徽,2023,10,2023-10,生产,16,16,0,0,0,0,0.0,,基本完整
安徽,2023,10,2023-10,餐饮,12,12,0,0,0,0,0.0,,基本完整
安徽,2023,11,2023-11,流通,229,227,2,2,2,2,0.008733624454148471,1.0,基本完整
安徽,2023,11,2023-11,生产,12,12,0,0,0,0,0.0,,基本完整
安徽,2023,11,2023-11,餐饮,9,9,0,0,0,0,0.0,,基本完整
安徽,2023,12,2023-12,流通,261,257,4,13,1,1,0.01532567049808429,0.07692307692307693,基本完整
安徽,2023,12,2023-12,生产,18,18,0,0,0,0,0.0,,基本完整
安徽,2023,12,2023-12,餐饮,21,21,0,0,0,0,0.0,,基本完整
安徽,2024,1,2024-01,其他,1,0,1,1,1,1,1.0,1.0,基本完整
安徽,2024,1,2024-01,流通,103,102,1,0,0,0,0.009708737864077669,,基本完整
安徽,2024,1,2024-01,生产,1,1,0,0,0,0,0.0,,基本完整
安徽,2024,1,2024-01,餐饮,7,6,1,1,1,1,0.14285714285714285,1.0,基本完整
安徽,2024,2,2024-02,流通,78,78,0,0,0,0,0.0,,基本完整
安徽,2024,2,2024-02,生产,1,1,0,0,0,0,0.0,,基本完整
安徽,2024,2,2024-02,餐饮,7,7,0,0,0,0,0.0,,基本完整
安徽,2024,3,2024-03,流通,97,97,0,0,0,0,0.0,,基本完整
安徽,2024,3,2024-03,生产,35,35,0,0,0,0,0.0,,基本完整
安徽,2024,3,2024-03,餐饮,2,2,0,0,0,0,0.0,,基本完整
安徽,2024,4,2024-04,流通,77,77,0,0,0,0,0.0,,基本完整
安徽,2024,4,2024-04,生产,12,12,0,0,0,0,0.0,,基本完整
安徽,2024,4,2024-04,餐饮,25,25,0,0,0,0,0.0,,基本完整
安徽,2024,5,2024-05,流通,81,80,1,1,1,1,0.012345679012345678,1.0,基本完整
安徽,2024,5,2024-05,生产,26,26,0,0,0,0,0.0,,基本完整
安徽,2024,5,2024-05,餐饮,16,16,0,0,0,0,0.0,,基本完整
安徽,2024,6,2024-06,流通,92,92,0,0,0,0,0.0,,基本完整
安徽,2024,6,2024-06,生产,11,11,0,0,0,0,0.0,,基本完整
安徽,2024,6,2024-06,餐饮,27,27,0,0,0,0,0.0,,基本完整
安徽,2024,7,2024-07,流通,164,163,1,4,1,1,0.006097560975609756,0.25,基本完整
安徽,2024,7,2024-07,生产,6,6,0,0,0,0,0.0,,基本完整
安徽,2024,7,2024-07,餐饮,12,12,0,0,0,0,0.0,,基本完整
安徽,2024,8,2024-08,流通,158,158,0,2,0,0,0.0,0.0,基本完整
安徽,2024,8,2024-08,生产,5,5,0,0,0,0,0.0,,基本完整
安徽,2024,8,2024-08,餐饮,6,6,0,0,0,0,0.0,,基本完整
安徽,2024,9,2024-09,流通,153,152,1,0,0,0,0.006535947712418301,,基本完整
安徽,2024,9,2024-09,生产,10,10,0,0,0,0,0.0,,基本完整
安徽,2024,9,2024-09,餐饮,5,5,0,0,0,0,0.0,,基本完整
安徽,2024,10,2024-10,流通,120,120,0,0,0,0,0.0,,基本完整
安徽,2024,10,2024-10,生产,4,4,0,0,0,0,0.0,,基本完整
安徽,2024,10,2024-10,餐饮,5,5,0,0,0,0,0.0,,基本完整
安徽,2024,11,2024-11,流通,236,236,0,11,0,0,0.0,0.0,基本完整
安徽,2024,11,2024-11,生产,21,20,1,0,0,0,0.047619047619047616,,基本完整
安徽,2024,11,2024-11,餐饮,13,13,0,0,0,0,0.0,,基本完整
安徽,2024,12,2024-12,流通,249,249,0,2,0,0,0.0,0.0,基本完整
安徽,2024,12,2024-12,生产,24,24,0,0,0,0,0.0,,基本完整
安徽,2024,12,2024-12,餐饮,18,17,1,1,1,1,0.05555555555555555,1.0,基本完整
山东,2023,1,2023-01,流通,201,200,1,3,0,0,0.004975124378109453,0.0,基本完整
山东,2023,1,2023-01,生产,11,11,0,0,0,0,0.0,,基本完整
山东,2023,1,2023-01,餐饮,41,41,0,0,0,0,0.0,,基本完整
山东,2023,2,2023-02,流通,214,214,0,0,0,0,0.0,,基本完整
山东,2023,2,2023-02,生产,29,28,1,1,1,1,0.034482758620689655,1.0,基本完整
山东,2023,2,2023-02,餐饮,26,26,0,0,0,0,0.0,,基本完整
山东,2023,3,2023-03,流通,188,188,0,0,0,0,0.0,,基本完整
山东,2023,3,2023-03,生产,1,1,0,0,0,0,0.0,,基本完整
山东,2023,3,2023-03,餐饮,27,27,0,0,0,0,0.0,,基本完整
山东,2023,4,2023-04,流通,270,269,1,1,1,1,0.003703703703703704,1.0,基本完整
山东,2023,4,2023-04,生产,30,30,0,0,0,0,0.0,,基本完整
山东,2023,4,2023-04,餐饮,54,54,0,0,0,0,0.0,,基本完整
山东,2023,5,2023-05,流通,284,284,0,0,0,0,0.0,,基本完整
山东,2023,5,2023-05,生产,8,7,1,0,0,0,0.125,,基本完整
山东,2023,5,2023-05,餐饮,32,32,0,0,0,0,0.0,,基本完整
山东,2023,6,2023-06,流通,391,389,2,5,1,1,0.005115089514066497,0.2,基本完整
山东,2023,6,2023-06,生产,56,55,1,0,0,0,0.017857142857142856,,基本完整
山东,2023,6,2023-06,餐饮,18,18,0,0,0,0,0.0,,基本完整
山东,2023,7,2023-07,流通,340,340,0,6,0,0,0.0,0.0,基本完整
山东,2023,7,2023-07,生产,17,16,1,0,0,0,0.058823529411764705,,基本完整
山东,2023,7,2023-07,餐饮,91,91,0,0,0,0,0.0,,基本完整
山东,2023,8,2023-08,流通,351,351,0,4,0,0,0.0,0.0,基本完整
山东,2023,8,2023-08,生产,20,20,0,0,0,0,0.0,,基本完整
山东,2023,8,2023-08,餐饮,138,138,0,0,0,0,0.0,,基本完整
山东,2023,9,2023-09,流通,262,258,4,1,0,0,0.015267175572519083,0.0,基本完整
山东,2023,9,2023-09,生产,37,32,5,6,3,3,0.13513513513513514,0.5,基本完整
山东,2023,9,2023-09,餐饮,31,30,1,0,0,0,0.03225806451612903,,基本完整
山东,2023,10,2023-10,流通,416,415,1,1,1,0,0.002403846153846154,1.0,基本完整
山东,2023,10,2023-10,生产,30,30,0,0,0,0,0.0,,基本完整
山东,2023,10,2023-10,餐饮,87,87,0,0,0,0,0.0,,基本完整
山东,2023,11,2023-11,流通,581,578,3,2,0,0,0.0051635111876075735,0.0,基本完整
山东,2023,11,2023-11,生产,84,77,7,6,6,5,0.08333333333333333,1.0,基本完整
山东,2023,11,2023-11,餐饮,95,93,2,2,2,1,0.021052631578947368,1.0,基本完整
山东,2023,12,2023-12,流通,633,631,2,11,1,1,0.00315955766192733,0.09090909090909091,基本完整
山东,2023,12,2023-12,生产,39,39,0,0,0,0,0.0,,基本完整
山东,2023,12,2023-12,餐饮,45,43,2,2,2,2,0.044444444444444446,1.0,基本完整
山东,2024,1,2024-01,流通,240,239,1,1,1,1,0.004166666666666667,1.0,基本完整
山东,2024,1,2024-01,生产,47,47,0,0,0,0,0.0,,基本完整
山东,2024,1,2024-01,餐饮,24,24,0,0,0,0,0.0,,基本完整
山东,2024,2,2024-02,流通,177,176,1,2,0,0,0.005649717514124294,0.0,基本完整
山东,2024,2,2024-02,生产,4,4,0,0,0,0,0.0,,基本完整
山东,2024,2,2024-02,餐饮,2,2,0,0,0,0,0.0,,基本完整
山东,2024,3,2024-03,流通,217,217,0,0,0,0,0.0,,基本完整
山东,2024,3,2024-03,生产,28,28,0,0,0,0,0.0,,基本完整
山东,2024,3,2024-03,餐饮,7,7,0,0,0,0,0.0,,基本完整
山东,2024,4,2024-04,流通,268,267,1,1,1,1,0.0037313432835820895,1.0,基本完整
山东,2024,4,2024-04,生产,1,1,0,0,0,0,0.0,,基本完整
山东,2024,4,2024-04,餐饮,23,23,0,0,0,0,0.0,,基本完整
山东,2024,5,2024-05,流通,431,427,4,0,0,0,0.009280742459396751,,基本完整
山东,2024,5,2024-05,生产,31,31,0,0,0,0,0.0,,基本完整
山东,2024,5,2024-05,餐饮,60,57,3,3,3,3,0.05,1.0,基本完整
山东,2024,6,2024-06,流通,296,294,2,2,0,0,0.006756756756756757,0.0,基本完整
山东,2024,6,2024-06,生产,26,25,1,1,1,1,0.038461538461538464,1.0,基本完整
山东,2024,6,2024-06,餐饮,92,92,0,0,0,0,0.0,,基本完整
山东,2024,7,2024-07,流通,302,300,2,5,0,0,0.006622516556291391,0.0,基本完整
山东,2024,7,2024-07,生产,32,31,1,0,0,0,0.03125,,基本完整
山东,2024,7,2024-07,餐饮,31,28,3,2,2,2,0.0967741935483871,1.0,基本完整
山东,2024,8,2024-08,流通,319,315,4,6,2,2,0.012539184952978056,0.3333333333333333,基本完整
山东,2024,8,2024-08,生产,18,18,0,0,0,0,0.0,,基本完整
山东,2024,8,2024-08,餐饮,51,49,2,1,1,1,0.0392156862745098,1.0,基本完整
山东,2024,9,2024-09,流通,277,275,2,5,1,1,0.007220216606498195,0.2,基本完整
山东,2024,9,2024-09,生产,36,36,0,0,0,0,0.0,,基本完整
山东,2024,9,2024-09,餐饮,54,53,1,0,0,0,0.018518518518518517,,基本完整
山东,2024,10,2024-10,流通,289,288,1,1,1,1,0.0034602076124567475,1.0,基本完整
山东,2024,10,2024-10,生产,43,42,1,1,1,1,0.023255813953488372,1.0,基本完整
山东,2024,10,2024-10,餐饮,48,47,1,1,1,1,0.020833333333333332,1.0,基本完整
山东,2024,11,2024-11,流通,413,409,4,7,1,1,0.009685230024213076,0.14285714285714285,基本完整
山东,2024,11,2024-11,生产,23,20,3,3,3,3,0.13043478260869565,1.0,基本完整
山东,2024,11,2024-11,餐饮,103,99,4,4,4,4,0.038834951456310676,1.0,基本完整
山东,2024,12,2024-12,流通,455,455,0,2,0,0,0.0,0.0,基本完整
山东,2024,12,2024-12,生产,125,124,1,1,1,0,0.008,1.0,基本完整
山东,2024,12,2024-12,餐饮,83,81,2,1,1,1,0.024096385542168676,1.0,基本完整
山西,2023,1,2023-01,流通,14,14,0,0,0,0,0.0,,基本完整
山西,2023,1,2023-01,生产,1,0,1,0,0,0,1.0,,基本完整
山西,2023,1,2023-01,餐饮,79,79,0,0,0,0,0.0,,基本完整
山西,2023,2,2023-02,流通,1,1,0,0,0,0,0.0,,基本完整
山西,2023,2,2023-02,生产,3,3,0,0,0,0,0.0,,基本完整
山西,2023,2,2023-02,餐饮,10,10,0,0,0,0,0.0,,基本完整
山西,2023,3,2023-03,流通,3,3,0,0,0,0,0.0,,基本完整
山西,2023,3,2023-03,生产,3,3,0,0,0,0,0.0,,基本完整
山西,2023,3,2023-03,餐饮,7,7,0,0,0,0,0.0,,基本完整
山西,2023,4,2023-04,流通,4,4,0,0,0,0,0.0,,基本完整
山西,2023,4,2023-04,餐饮,5,5,0,0,0,0,0.0,,基本完整
山西,2023,5,2023-05,流通,1,1,0,0,0,0,0.0,,基本完整
山西,2023,5,2023-05,餐饮,14,14,0,0,0,0,0.0,,基本完整
山西,2023,6,2023-06,流通,2,2,0,0,0,0,0.0,,基本完整
山西,2023,6,2023-06,餐饮,11,11,0,0,0,0,0.0,,基本完整
山西,2023,7,2023-07,流通,4,4,0,0,0,0,0.0,,基本完整
山西,2023,7,2023-07,餐饮,9,9,0,0,0,0,0.0,,基本完整
山西,2023,8,2023-08,流通,2,2,0,0,0,0,0.0,,基本完整
山西,2023,8,2023-08,生产,2,2,0,0,0,0,0.0,,基本完整
山西,2023,8,2023-08,餐饮,19,17,2,2,2,2,0.10526315789473684,1.0,基本完整
山西,2023,9,2023-09,流通,5,5,0,0,0,0,0.0,,基本完整
山西,2023,9,2023-09,餐饮,21,21,0,0,0,0,0.0,,基本完整
山西,2023,10,2023-10,生产,1,1,0,0,0,0,0.0,,基本完整
山西,2023,10,2023-10,餐饮,13,13,0,0,0,0,0.0,,基本完整
山西,2023,11,2023-11,餐饮,12,12,0,0,0,0,0.0,,基本完整
山西,2023,12,2023-12,流通,16,16,0,0,0,0,0.0,,基本完整
山西,2023,12,2023-12,生产,3,3,0,0,0,0,0.0,,基本完整
山西,2023,12,2023-12,餐饮,53,51,2,2,2,2,0.03773584905660377,1.0,基本完整
山西,2024,1,2024-01,流通,1,1,0,0,0,0,0.0,,基本完整
山西,2024,1,2024-01,餐饮,2,2,0,0,0,0,0.0,,基本完整
山西,2024,2,2024-02,流通,3,1,2,0,0,0,0.6666666666666666,,基本完整
山西,2024,2,2024-02,餐饮,3,3,0,0,0,0,0.0,,基本完整
山西,2024,3,2024-03,流通,6,6,0,0,0,0,0.0,,基本完整
山西,2024,3,2024-03,餐饮,5,5,0,0,0,0,0.0,,基本完整
山西,2024,4,2024-04,流通,1,1,0,0,0,0,0.0,,基本完整
山西,2024,4,2024-04,餐饮,2,2,0,0,0,0,0.0,,基本完整
山西,2024,5,2024-05,流通,1,1,0,0,0,0,0.0,,基本完整
山西,2024,5,2024-05,生产,3,3,0,0,0,0,0.0,,基本完整
山西,2024,5,2024-05,餐饮,1,1,0,0,0,0,0.0,,基本完整
山西,2024,6,2024-06,流通,7,7,0,0,0,0,0.0,,基本完整
山西,2024,6,2024-06,餐饮,24,24,0,0,0,0,0.0,,基本完整
山西,2024,7,2024-07,流通,3,3,0,0,0,0,0.0,,基本完整
山西,2024,7,2024-07,餐饮,20,19,1,1,1,1,0.05,1.0,基本完整
山西,2024,8,2024-08,餐饮,22,22,0,0,0,0,0.0,,基本完整
山西,2024,9,2024-09,流通,4,3,1,0,0,0,0.25,,基本完整
山西,2024,9,2024-09,生产,2,2,0,0,0,0,0.0,,基本完整
山西,2024,9,2024-09,餐饮,27,26,1,1,1,1,0.037037037037037035,1.0,基本完整
山西,2024,10,2024-10,流通,1,0,1,0,0,0,1.0,,基本完整
山西,2024,10,2024-10,餐饮,7,7,0,0,0,0,0.0,,基本完整
山西,2024,11,2024-11,流通,1,0,1,0,0,0,1.0,,基本完整
山西,2024,11,2024-11,餐饮,37,36,1,1,1,1,0.02702702702702703,1.0,基本完整
山西,2024,12,2024-12,流通,2,1,1,0,0,0,0.5,,基本完整
山西,2024,12,2024-12,餐饮,35,34,1,1,1,1,0.02857142857142857,1.0,基本完整
广东,2023,1,2023-01,流通,245,241,4,20,0,0,0.0163265306122449,0.0,基本完整
广东,2023,1,2023-01,生产,66,66,0,1,0,0,0.0,0.0,基本完整
广东,2023,1,2023-01,餐饮,21,20,1,0,0,0,0.047619047619047616,,基本完整
广东,2023,2,2023-02,流通,251,250,1,0,0,0,0.00398406374501992,,基本完整
广东,2023,2,2023-02,生产,24,24,0,0,0,0,0.0,,基本完整
广东,2023,2,2023-02,餐饮,87,87,0,0,0,0,0.0,,基本完整
广东,2023,3,2023-03,流通,79,76,3,1,1,1,0.0379746835443038,1.0,基本完整
广东,2023,3,2023-03,生产,10,9,1,1,1,1,0.1,1.0,基本完整
广东,2023,3,2023-03,餐饮,5,5,0,0,0,0,0.0,,基本完整
广东,2023,4,2023-04,流通,214,208,6,0,0,0,0.028037383177570093,,基本完整
广东,2023,4,2023-04,生产,75,75,0,0,0,0,0.0,,基本完整
广东,2023,4,2023-04,餐饮,40,40,0,0,0,0,0.0,,基本完整
广东,2023,5,2023-05,流通,268,267,1,0,0,0,0.0037313432835820895,,基本完整
广东,2023,5,2023-05,生产,158,155,3,0,0,0,0.0189873417721519,,基本完整
广东,2023,5,2023-05,餐饮,40,40,0,0,0,0,0.0,,基本完整
广东,2023,6,2023-06,流通,416,416,0,16,0,0,0.0,0.0,基本完整
广东,2023,6,2023-06,生产,122,122,0,0,0,0,0.0,,基本完整
广东,2023,6,2023-06,餐饮,89,89,0,10,0,0,0.0,0.0,基本完整
广东,2023,7,2023-07,流通,215,214,1,5,0,0,0.004651162790697674,0.0,基本完整
广东,2023,7,2023-07,生产,201,194,7,18,3,3,0.03482587064676617,0.16666666666666666,基本完整
广东,2023,7,2023-07,餐饮,33,33,0,2,0,0,0.0,0.0,基本完整
广东,2023,8,2023-08,流通,339,335,4,9,1,1,0.011799410029498525,0.1111111111111111,基本完整
广东,2023,8,2023-08,生产,228,223,5,101,1,1,0.021929824561403508,0.009900990099009901,基本完整
广东,2023,8,2023-08,餐饮,199,198,1,7,0,0,0.005025125628140704,0.0,基本完整
广东,2023,9,2023-09,流通,348,344,4,2,0,0,0.011494252873563218,0.0,基本完整
广东,2023,9,2023-09,生产,369,367,2,6,0,0,0.005420054200542005,0.0,基本完整
广东,2023,9,2023-09,餐饮,37,37,0,7,0,0,0.0,0.0,基本完整
广东,2023,10,2023-10,流通,145,142,3,13,0,0,0.020689655172413793,0.0,基本完整
广东,2023,10,2023-10,生产,134,133,1,68,1,0,0.007462686567164179,0.014705882352941176,基本完整
广东,2023,10,2023-10,餐饮,14,14,0,3,0,0,0.0,0.0,基本完整
广东,2023,11,2023-11,流通,304,296,8,8,2,1,0.02631578947368421,0.25,基本完整
广东,2023,11,2023-11,生产,144,143,1,14,1,1,0.006944444444444444,0.07142857142857142,基本完整
广东,2023,11,2023-11,餐饮,53,52,1,2,0,0,0.018867924528301886,0.0,基本完整
广东,2023,12,2023-12,流通,597,583,14,22,3,3,0.023450586264656615,0.13636363636363635,基本完整
广东,2023,12,2023-12,生产,464,459,5,23,3,0,0.010775862068965518,0.13043478260869565,基本完整
广东,2023,12,2023-12,餐饮,76,75,1,0,0,0,0.013157894736842105,,基本完整
广东,2024,1,2024-01,流通,376,373,3,0,0,0,0.007978723404255319,,基本完整
广东,2024,1,2024-01,生产,232,229,3,1,1,1,0.01293103448275862,1.0,基本完整
广东,2024,1,2024-01,餐饮,50,48,2,1,1,1,0.04,1.0,基本完整
广东,2024,2,2024-02,流通,135,134,1,23,0,0,0.007407407407407408,0.0,基本完整
广东,2024,2,2024-02,生产,172,168,4,3,2,2,0.023255813953488372,0.6666666666666666,基本完整
广东,2024,2,2024-02,餐饮,9,9,0,0,0,0,0.0,,基本完整
广东,2024,3,2024-03,流通,88,88,0,0,0,0,0.0,,基本完整
广东,2024,3,2024-03,生产,36,36,0,0,0,0,0.0,,基本完整
广东,2024,3,2024-03,餐饮,26,26,0,0,0,0,0.0,,基本完整
广东,2024,4,2024-04,流通,287,287,0,0,0,0,0.0,,基本完整
广东,2024,4,2024-04,生产,42,41,1,1,1,1,0.023809523809523808,1.0,基本完整
广东,2024,4,2024-04,餐饮,24,24,0,0,0,0,0.0,,基本完整
广东,2024,5,2024-05,流通,245,242,3,0,0,0,0.012244897959183673,,基本完整
广东,2024,5,2024-05,生产,56,56,0,0,0,0,0.0,,基本完整
广东,2024,5,2024-05,餐饮,57,56,1,1,1,1,0.017543859649122806,1.0,基本完整
广东,2024,6,2024-06,流通,197,196,1,4,0,0,0.005076142131979695,0.0,基本完整
广东,2024,6,2024-06,生产,218,216,2,7,1,0,0.009174311926605505,0.14285714285714285,基本完整
广东,2024,6,2024-06,餐饮,80,79,1,4,1,1,0.0125,0.25,基本完整
广东,2024,7,2024-07,流通,362,355,7,8,0,0,0.019337016574585635,0.0,基本完整
广东,2024,7,2024-07,生产,128,127,1,3,1,1,0.0078125,0.3333333333333333,基本完整
广东,2024,7,2024-07,餐饮,70,70,0,8,0,0,0.0,0.0,基本完整
广东,2024,8,2024-08,流通,236,231,5,5,0,0,0.0211864406779661,0.0,基本完整
广东,2024,8,2024-08,生产,236,229,7,6,4,4,0.029661016949152543,0.6666666666666666,基本完整
广东,2024,8,2024-08,餐饮,60,60,0,0,0,0,0.0,,基本完整
广东,2024,9,2024-09,流通,537,534,3,6,0,0,0.00558659217877095,0.0,基本完整
广东,2024,9,2024-09,生产,250,248,2,20,1,1,0.008,0.05,基本完整
广东,2024,9,2024-09,餐饮,83,82,1,5,0,0,0.012048192771084338,0.0,基本完整
广东,2024,10,2024-10,流通,233,233,0,15,0,0,0.0,0.0,基本完整
广东,2024,10,2024-10,生产,238,233,5,1,1,1,0.02100840336134454,1.0,基本完整
广东,2024,10,2024-10,餐饮,45,44,1,3,1,1,0.022222222222222223,0.3333333333333333,基本完整
广东,2024,11,2024-11,流通,232,230,2,4,0,0,0.008620689655172414,0.0,基本完整
广东,2024,11,2024-11,生产,166,162,4,24,1,0,0.024096385542168676,0.041666666666666664,基本完整
广东,2024,11,2024-11,餐饮,59,59,0,1,0,0,0.0,0.0,基本完整
广东,2024,12,2024-12,流通,280,280,0,16,0,0,0.0,0.0,基本完整
广东,2024,12,2024-12,生产,316,313,3,29,1,1,0.00949367088607595,0.034482758620689655,基本完整
广东,2024,12,2024-12,餐饮,75,73,2,7,0,0,0.02666666666666667,0.0,基本完整
广西,2023,1,2023-01,流通,24,24,0,2,0,0,0.0,0.0,基本完整
广西,2023,1,2023-01,生产,5,5,0,0,0,0,0.0,,基本完整
广西,2023,1,2023-01,餐饮,5,5,0,0,0,0,0.0,,基本完整
广西,2023,2,2023-02,流通,26,26,0,0,0,0,0.0,,基本完整
广西,2023,2,2023-02,生产,18,18,0,0,0,0,0.0,,基本完整
广西,2023,2,2023-02,餐饮,4,4,0,0,0,0,0.0,,基本完整
广西,2023,3,2023-03,流通,15,15,0,0,0,0,0.0,,基本完整
广西,2023,3,2023-03,生产,51,46,5,5,5,5,0.09803921568627451,1.0,基本完整
广西,2023,3,2023-03,餐饮,1,1,0,0,0,0,0.0,,基本完整
广西,2023,4,2023-04,流通,25,25,0,0,0,0,0.0,,基本完整
广西,2023,4,2023-04,生产,358,349,9,5,5,5,0.025139664804469275,1.0,基本完整
广西,2023,4,2023-04,餐饮,12,12,0,0,0,0,0.0,,基本完整
广西,2023,5,2023-05,流通,133,133,0,0,0,0,0.0,,基本完整
广西,2023,5,2023-05,生产,287,275,12,3,3,3,0.041811846689895474,1.0,基本完整
广西,2023,5,2023-05,餐饮,14,13,1,0,0,0,0.07142857142857142,,基本完整
广西,2023,6,2023-06,流通,68,68,0,1,0,0,0.0,0.0,基本完整
广西,2023,6,2023-06,生产,283,269,14,1,1,1,0.04946996466431095,1.0,基本完整
广西,2023,6,2023-06,餐饮,13,13,0,0,0,0,0.0,,基本完整
广西,2023,7,2023-07,流通,88,88,0,0,0,0,0.0,,基本完整
广西,2023,7,2023-07,生产,197,189,8,3,3,3,0.04060913705583756,1.0,基本完整
广西,2023,8,2023-08,流通,58,57,1,1,1,1,0.017241379310344827,1.0,基本完整
广西,2023,8,2023-08,生产,466,453,13,4,4,4,0.027896995708154508,1.0,基本完整
广西,2023,8,2023-08,餐饮,43,43,0,0,0,0,0.0,,基本完整
广西,2023,9,2023-09,流通,62,45,17,5,5,5,0.27419354838709675,1.0,基本完整
广西,2023,9,2023-09,生产,529,527,2,1,1,1,0.003780718336483932,1.0,基本完整
广西,2023,9,2023-09,餐饮,1,1,0,0,0,0,0.0,,基本完整
广西,2023,10,2023-10,流通,136,126,10,5,5,5,0.07352941176470588,1.0,基本完整
广西,2023,10,2023-10,生产,668,656,12,4,4,4,0.017964071856287425,1.0,基本完整
广西,2023,10,2023-10,餐饮,11,11,0,0,0,0,0.0,,基本完整
广西,2023,11,2023-11,流通,76,75,1,1,0,0,0.013157894736842105,0.0,基本完整
广西,2023,11,2023-11,生产,403,376,27,4,4,4,0.06699751861042183,1.0,基本完整
广西,2023,11,2023-11,餐饮,19,19,0,0,0,0,0.0,,基本完整
广西,2023,12,2023-12,流通,126,114,12,8,7,7,0.09523809523809523,0.875,基本完整
广西,2023,12,2023-12,生产,944,902,42,18,18,18,0.04449152542372881,1.0,基本完整
广西,2023,12,2023-12,餐饮,20,19,1,1,1,1,0.05,1.0,基本完整
广西,2024,1,2024-01,流通,14,14,0,0,0,0,0.0,,基本完整
广西,2024,1,2024-01,生产,1,1,0,0,0,0,0.0,,基本完整
广西,2024,1,2024-01,餐饮,1,1,0,0,0,0,0.0,,基本完整
广西,2024,2,2024-02,流通,31,30,1,2,0,0,0.03225806451612903,0.0,基本完整
广西,2024,2,2024-02,生产,54,52,2,2,2,2,0.037037037037037035,1.0,基本完整
广西,2024,3,2024-03,流通,9,9,0,0,0,0,0.0,,基本完整
广西,2024,3,2024-03,生产,261,259,2,2,2,2,0.007662835249042145,1.0,基本完整
广西,2024,3,2024-03,餐饮,8,8,0,0,0,0,0.0,,基本完整
广西,2024,4,2024-04,其他,1,0,1,1,1,1,1.0,1.0,基本完整
广西,2024,4,2024-04,流通,34,34,0,0,0,0,0.0,,基本完整
广西,2024,4,2024-04,生产,170,168,2,1,1,1,0.011764705882352941,1.0,基本完整
广西,2024,5,2024-05,流通,299,298,1,1,1,1,0.0033444816053511705,1.0,基本完整
广西,2024,5,2024-05,生产,489,474,15,9,9,9,0.03067484662576687,1.0,基本完整
广西,2024,5,2024-05,餐饮,29,29,0,0,0,0,0.0,,基本完整
广西,2024,6,2024-06,流通,108,97,11,9,9,9,0.10185185185185185,1.0,基本完整
广西,2024,6,2024-06,生产,390,378,12,6,6,6,0.03076923076923077,1.0,基本完整
广西,2024,6,2024-06,餐饮,29,29,0,0,0,0,0.0,,基本完整
广西,2024,7,2024-07,流通,47,47,0,0,0,0,0.0,,基本完整
广西,2024,7,2024-07,生产,195,190,5,2,2,2,0.02564102564102564,1.0,基本完整
广西,2024,7,2024-07,餐饮,12,12,0,0,0,0,0.0,,基本完整
广西,2024,8,2024-08,流通,21,21,0,0,0,0,0.0,,基本完整
广西,2024,8,2024-08,生产,428,418,10,4,4,4,0.02336448598130841,1.0,基本完整
广西,2024,8,2024-08,餐饮,7,7,0,0,0,0,0.0,,基本完整
广西,2024,9,2024-09,流通,438,437,1,2,1,1,0.00228310502283105,0.5,基本完整
广西,2024,9,2024-09,生产,1006,958,48,21,21,21,0.04771371769383698,1.0,基本完整
广西,2024,9,2024-09,餐饮,14,14,0,0,0,0,0.0,,基本完整
广西,2024,10,2024-10,流通,64,62,2,1,1,1,0.03125,1.0,基本完整
广西,2024,10,2024-10,生产,1005,937,68,22,22,22,0.06766169154228856,1.0,基本完整
广西,2024,10,2024-10,餐饮,28,28,0,0,0,0,0.0,,基本完整
广西,2024,11,2024-11,流通,39,38,1,0,0,0,0.02564102564102564,,基本完整
广西,2024,11,2024-11,生产,384,347,37,9,9,9,0.09635416666666667,1.0,基本完整
广西,2024,11,2024-11,餐饮,16,16,0,0,0,0,0.0,,基本完整
广西,2024,12,2024-12,流通,177,174,3,0,0,0,0.01694915254237288,,基本完整
广西,2024,12,2024-12,生产,392,363,29,3,3,3,0.07397959183673469,1.0,基本完整
广西,2024,12,2024-12,餐饮,46,46,0,0,0,0,0.0,,基本完整
新疆,2023,1,2023-01,流通,2,2,0,0,0,0,0.0,,基本完整
新疆,2023,3,2023-03,流通,1,1,0,0,0,0,0.0,,基本完整
新疆,2023,3,2023-03,餐饮,11,11,0,0,0,0,0.0,,基本完整
新疆,2023,4,2023-04,流通,2,2,0,0,0,0,0.0,,基本完整
新疆,2023,4,2023-04,餐饮,11,11,0,0,0,0,0.0,,基本完整
新疆,2023,5,2023-05,流通,5,5,0,0,0,0,0.0,,基本完整
新疆,2023,5,2023-05,生产,1,1,0,0,0,0,0.0,,基本完整
新疆,2023,5,2023-05,餐饮,32,32,0,0,0,0,0.0,,基本完整
新疆,2023,6,2023-06,流通,7,7,0,0,0,0,0.0,,基本完整
新疆,2023,6,2023-06,生产,1,1,0,0,0,0,0.0,,基本完整
新疆,2023,6,2023-06,餐饮,15,15,0,0,0,0,0.0,,基本完整
新疆,2023,7,2023-07,流通,1,1,0,0,0,0,0.0,,基本完整
新疆,2023,7,2023-07,生产,2,2,0,0,0,0,0.0,,基本完整
新疆,2023,7,2023-07,餐饮,35,35,0,0,0,0,0.0,,基本完整
新疆,2023,8,2023-08,流通,2,2,0,0,0,0,0.0,,基本完整
新疆,2023,8,2023-08,餐饮,6,6,0,0,0,0,0.0,,基本完整
新疆,2023,9,2023-09,餐饮,21,21,0,0,0,0,0.0,,基本完整
新疆,2023,10,2023-10,流通,1,0,1,0,0,0,1.0,,基本完整
新疆,2023,10,2023-10,生产,1,0,1,0,0,0,1.0,,基本完整
新疆,2023,10,2023-10,餐饮,10,10,0,0,0,0,0.0,,基本完整
新疆,2023,11,2023-11,流通,5,4,1,0,0,0,0.2,,基本完整
新疆,2023,11,2023-11,生产,1,1,0,0,0,0,0.0,,基本完整
新疆,2023,11,2023-11,餐饮,22,22,0,0,0,0,0.0,,基本完整
新疆,2023,12,2023-12,流通,9,7,2,0,0,0,0.2222222222222222,,基本完整
新疆,2023,12,2023-12,餐饮,10,10,0,0,0,0,0.0,,基本完整
新疆,2024,1,2024-01,流通,3,3,0,0,0,0,0.0,,基本完整
新疆,2024,1,2024-01,餐饮,10,10,0,0,0,0,0.0,,基本完整
新疆,2024,2,2024-02,流通,4,4,0,0,0,0,0.0,,基本完整
新疆,2024,2,2024-02,生产,3,3,0,0,0,0,0.0,,基本完整
新疆,2024,2,2024-02,餐饮,9,9,0,0,0,0,0.0,,基本完整
新疆,2024,3,2024-03,流通,1,1,0,0,0,0,0.0,,基本完整
新疆,2024,3,2024-03,生产,1,1,0,0,0,0,0.0,,基本完整
新疆,2024,3,2024-03,餐饮,32,32,0,0,0,0,0.0,,基本完整
新疆,2024,4,2024-04,流通,1,1,0,0,0,0,0.0,,基本完整
新疆,2024,4,2024-04,生产,1,1,0,0,0,0,0.0,,基本完整
新疆,2024,4,2024-04,餐饮,14,14,0,0,0,0,0.0,,基本完整
新疆,2024,5,2024-05,餐饮,5,5,0,0,0,0,0.0,,基本完整
新疆,2024,6,2024-06,流通,1,1,0,0,0,0,0.0,,基本完整
新疆,2024,6,2024-06,生产,3,3,0,0,0,0,0.0,,基本完整
新疆,2024,6,2024-06,餐饮,7,7,0,0,0,0,0.0,,基本完整
新疆,2024,7,2024-07,生产,1,1,0,0,0,0,0.0,,基本完整
新疆,2024,7,2024-07,餐饮,9,8,1,0,0,0,0.1111111111111111,,基本完整
新疆,2024,8,2024-08,生产,1,1,0,0,0,0,0.0,,基本完整
新疆,2024,8,2024-08,餐饮,10,10,0,0,0,0,0.0,,基本完整
新疆,2024,9,2024-09,流通,2,2,0,0,0,0,0.0,,基本完整
新疆,2024,9,2024-09,生产,3,3,0,0,0,0,0.0,,基本完整
新疆,2024,9,2024-09,餐饮,13,13,0,0,0,0,0.0,,基本完整
新疆,2024,10,2024-10,流通,1,1,0,0,0,0,0.0,,基本完整
新疆,2024,10,2024-10,生产,3,2,1,0,0,0,0.3333333333333333,,基本完整
新疆,2024,10,2024-10,餐饮,6,6,0,0,0,0,0.0,,基本完整
新疆,2024,11,2024-11,流通,1,1,0,0,0,0,0.0,,基本完整
新疆,2024,11,2024-11,餐饮,6,6,0,0,0,0,0.0,,基本完整
新疆,2024,12,2024-12,流通,2,2,0,0,0,0,0.0,,基本完整
新疆,2024,12,2024-12,生产,5,5,0,0,0,0,0.0,,基本完整
新疆,2024,12,2024-12,餐饮,5,4,1,1,1,1,0.2,1.0,基本完整
未知,2024,6,2024-06,流通,2,2,0,0,0,0,0.0,,基本完整
江苏,2023,1,2023-01,流通,112,111,1,1,0,0,0.008928571428571428,0.0,基本完整
江苏,2023,1,2023-01,生产,6,6,0,0,0,0,0.0,,基本完整
江苏,2023,1,2023-01,餐饮,49,49,0,0,0,0,0.0,,基本完整
江苏,2023,2,2023-02,流通,91,91,0,0,0,0,0.0,,基本完整
江苏,2023,2,2023-02,生产,5,5,0,0,0,0,0.0,,基本完整
江苏,2023,2,2023-02,餐饮,22,22,0,0,0,0,0.0,,基本完整
江苏,2023,3,2023-03,流通,57,57,0,0,0,0,0.0,,基本完整
江苏,2023,3,2023-03,生产,8,8,0,0,0,0,0.0,,基本完整
江苏,2023,3,2023-03,餐饮,19,19,0,0,0,0,0.0,,基本完整
江苏,2023,4,2023-04,流通,88,88,0,2,0,0,0.0,0.0,基本完整
江苏,2023,4,2023-04,生产,8,8,0,0,0,0,0.0,,基本完整
江苏,2023,4,2023-04,餐饮,12,12,0,0,0,0,0.0,,基本完整
江苏,2023,5,2023-05,流通,57,56,1,0,0,0,0.017543859649122806,,基本完整
江苏,2023,5,2023-05,生产,20,20,0,0,0,0,0.0,,基本完整
江苏,2023,5,2023-05,餐饮,10,10,0,0,0,0,0.0,,基本完整
江苏,2023,6,2023-06,流通,107,107,0,0,0,0,0.0,,基本完整
江苏,2023,6,2023-06,生产,5,5,0,0,0,0,0.0,,基本完整
江苏,2023,6,2023-06,餐饮,51,51,0,0,0,0,0.0,,基本完整
江苏,2023,7,2023-07,流通,144,141,3,2,1,1,0.020833333333333332,0.5,基本完整
江苏,2023,7,2023-07,生产,5,5,0,0,0,0,0.0,,基本完整
江苏,2023,7,2023-07,餐饮,32,32,0,0,0,0,0.0,,基本完整
江苏,2023,8,2023-08,流通,98,98,0,0,0,0,0.0,,基本完整
江苏,2023,8,2023-08,生产,7,7,0,0,0,0,0.0,,基本完整
江苏,2023,8,2023-08,餐饮,47,47,0,0,0,0,0.0,,基本完整
江苏,2023,9,2023-09,流通,125,123,2,0,0,0,0.016,,基本完整
江苏,2023,9,2023-09,生产,23,22,1,0,0,0,0.043478260869565216,,基本完整
江苏,2023,9,2023-09,餐饮,46,46,0,0,0,0,0.0,,基本完整
江苏,2023,10,2023-10,流通,74,74,0,1,0,0,0.0,0.0,基本完整
江苏,2023,10,2023-10,生产,2,2,0,0,0,0,0.0,,基本完整
江苏,2023,10,2023-10,餐饮,45,45,0,0,0,0,0.0,,基本完整
江苏,2023,11,2023-11,流通,99,98,1,0,0,0,0.010101010101010102,,基本完整
江苏,2023,11,2023-11,生产,19,19,0,4,0,0,0.0,0.0,基本完整
江苏,2023,11,2023-11,餐饮,69,69,0,0,0,0,0.0,,基本完整
江苏,2023,12,2023-12,流通,220,216,4,18,2,2,0.01818181818181818,0.1111111111111111,基本完整
江苏,2023,12,2023-12,生产,12,12,0,4,0,0,0.0,0.0,基本完整
江苏,2023,12,2023-12,餐饮,75,74,1,21,1,1,0.013333333333333334,0.047619047619047616,基本完整
江苏,2024,1,2024-01,流通,174,174,0,0,0,0,0.0,,基本完整
江苏,2024,1,2024-01,生产,12,12,0,0,0,0,0.0,,基本完整
江苏,2024,1,2024-01,餐饮,8,8,0,0,0,0,0.0,,基本完整
江苏,2024,2,2024-02,流通,39,39,0,0,0,0,0.0,,基本完整
江苏,2024,2,2024-02,生产,1,1,0,0,0,0,0.0,,基本完整
江苏,2024,2,2024-02,餐饮,6,6,0,0,0,0,0.0,,基本完整
江苏,2024,3,2024-03,流通,67,67,0,0,0,0,0.0,,基本完整
江苏,2024,3,2024-03,生产,5,5,0,0,0,0,0.0,,基本完整
江苏,2024,3,2024-03,餐饮,33,33,0,0,0,0,0.0,,基本完整
江苏,2024,4,2024-04,流通,43,43,0,0,0,0,0.0,,基本完整
江苏,2024,4,2024-04,生产,2,2,0,0,0,0,0.0,,基本完整
江苏,2024,4,2024-04,餐饮,27,27,0,0,0,0,0.0,,基本完整
江苏,2024,5,2024-05,流通,58,58,0,0,0,0,0.0,,基本完整
江苏,2024,5,2024-05,生产,4,4,0,0,0,0,0.0,,基本完整
江苏,2024,5,2024-05,餐饮,16,16,0,0,0,0,0.0,,基本完整
江苏,2024,6,2024-06,流通,49,47,2,3,2,2,0.04081632653061224,0.6666666666666666,基本完整
江苏,2024,6,2024-06,生产,2,2,0,0,0,0,0.0,,基本完整
江苏,2024,6,2024-06,餐饮,66,63,3,3,3,2,0.045454545454545456,1.0,基本完整
江苏,2024,7,2024-07,流通,108,106,2,1,0,0,0.018518518518518517,0.0,基本完整
江苏,2024,7,2024-07,生产,7,7,0,0,0,0,0.0,,基本完整
江苏,2024,7,2024-07,餐饮,72,71,1,1,1,1,0.013888888888888888,1.0,基本完整
江苏,2024,8,2024-08,流通,111,106,5,0,0,0,0.04504504504504504,,基本完整
江苏,2024,8,2024-08,生产,7,7,0,0,0,0,0.0,,基本完整
江苏,2024,8,2024-08,餐饮,51,49,2,2,2,2,0.0392156862745098,1.0,基本完整
江苏,2024,9,2024-09,流通,82,78,4,0,0,0,0.04878048780487805,,基本完整
江苏,2024,9,2024-09,生产,3,3,0,0,0,0,0.0,,基本完整
江苏,2024,9,2024-09,餐饮,26,26,0,0,0,0,0.0,,基本完整
江苏,2024,10,2024-10,流通,101,98,3,0,0,0,0.0297029702970297,,基本完整
江苏,2024,10,2024-10,生产,5,5,0,0,0,0,0.0,,基本完整
江苏,2024,10,2024-10,餐饮,14,13,1,1,1,1,0.07142857142857142,1.0,基本完整
江苏,2024,11,2024-11,流通,228,222,6,7,0,0,0.02631578947368421,0.0,基本完整
江苏,2024,11,2024-11,生产,17,17,0,3,0,0,0.0,0.0,基本完整
江苏,2024,11,2024-11,餐饮,62,62,0,7,0,0,0.0,0.0,基本完整
江苏,2024,12,2024-12,流通,218,211,7,2,0,0,0.03211009174311927,0.0,基本完整
江苏,2024,12,2024-12,生产,18,18,0,0,0,0,0.0,,基本完整
江苏,2024,12,2024-12,餐饮,31,31,0,0,0,0,0.0,,基本完整
江西,2023,1,2023-01,流通,41,41,0,0,0,0,0.0,,基本完整
江西,2023,1,2023-01,生产,3,3,0,0,0,0,0.0,,基本完整
江西,2023,1,2023-01,餐饮,4,4,0,0,0,0,0.0,,基本完整
江西,2023,2,2023-02,流通,29,28,1,0,0,0,0.034482758620689655,,基本完整
江西,2023,2,2023-02,生产,13,13,0,0,0,0,0.0,,基本完整
江西,2023,2,2023-02,餐饮,21,21,0,0,0,0,0.0,,基本完整
江西,2023,3,2023-03,流通,28,28,0,0,0,0,0.0,,基本完整
江西,2023,3,2023-03,餐饮,20,20,0,0,0,0,0.0,,基本完整
江西,2023,4,2023-04,流通,41,41,0,0,0,0,0.0,,基本完整
江西,2023,4,2023-04,生产,15,15,0,0,0,0,0.0,,基本完整
江西,2023,4,2023-04,餐饮,28,28,0,0,0,0,0.0,,基本完整
江西,2023,5,2023-05,流通,55,55,0,0,0,0,0.0,,基本完整
江西,2023,5,2023-05,生产,35,35,0,0,0,0,0.0,,基本完整
江西,2023,5,2023-05,餐饮,23,23,0,0,0,0,0.0,,基本完整
江西,2023,6,2023-06,流通,38,37,1,0,0,0,0.02631578947368421,,基本完整
江西,2023,6,2023-06,生产,1,1,0,0,0,0,0.0,,基本完整
江西,2023,6,2023-06,餐饮,6,6,0,0,0,0,0.0,,基本完整
江西,2023,7,2023-07,流通,30,30,0,0,0,0,0.0,,基本完整
江西,2023,7,2023-07,餐饮,6,6,0,0,0,0,0.0,,基本完整
江西,2023,8,2023-08,流通,57,57,0,0,0,0,0.0,,基本完整
江西,2023,8,2023-08,生产,2,2,0,0,0,0,0.0,,基本完整
江西,2023,8,2023-08,餐饮,50,50,0,1,0,0,0.0,0.0,基本完整
江西,2023,9,2023-09,流通,57,56,1,0,0,0,0.017543859649122806,,基本完整
江西,2023,9,2023-09,生产,5,4,1,0,0,0,0.2,,基本完整
江西,2023,9,2023-09,餐饮,6,6,0,0,0,0,0.0,,基本完整
江西,2023,10,2023-10,流通,36,36,0,0,0,0,0.0,,基本完整
江西,2023,10,2023-10,生产,4,4,0,0,0,0,0.0,,基本完整
江西,2023,10,2023-10,餐饮,6,6,0,0,0,0,0.0,,基本完整
江西,2023,11,2023-11,流通,56,55,1,1,0,0,0.017857142857142856,0.0,基本完整
江西,2023,11,2023-11,生产,16,15,1,1,1,1,0.0625,1.0,基本完整
江西,2023,11,2023-11,餐饮,7,7,0,0,0,0,0.0,,基本完整
江西,2023,12,2023-12,流通,64,64,0,2,0,0,0.0,0.0,基本完整
江西,2023,12,2023-12,生产,5,5,0,0,0,0,0.0,,基本完整
江西,2023,12,2023-12,餐饮,14,14,0,0,0,0,0.0,,基本完整
江西,2024,1,2024-01,流通,40,40,0,0,0,0,0.0,,基本完整
江西,2024,2,2024-02,流通,40,40,0,0,0,0,0.0,,基本完整
江西,2024,2,2024-02,餐饮,2,2,0,0,0,0,0.0,,基本完整
江西,2024,3,2024-03,流通,26,25,1,0,0,0,0.038461538461538464,,基本完整
江西,2024,3,2024-03,生产,2,2,0,0,0,0,0.0,,基本完整
江西,2024,3,2024-03,餐饮,6,6,0,0,0,0,0.0,,基本完整
江西,2024,4,2024-04,流通,51,49,2,0,0,0,0.0392156862745098,,基本完整
江西,2024,4,2024-04,生产,2,2,0,0,0,0,0.0,,基本完整
江西,2024,4,2024-04,餐饮,4,4,0,0,0,0,0.0,,基本完整
江西,2024,5,2024-05,流通,47,47,0,0,0,0,0.0,,基本完整
江西,2024,5,2024-05,餐饮,14,14,0,0,0,0,0.0,,基本完整
江西,2024,6,2024-06,流通,46,46,0,0,0,0,0.0,,基本完整
江西,2024,6,2024-06,生产,26,26,0,0,0,0,0.0,,基本完整
江西,2024,6,2024-06,餐饮,16,16,0,0,0,0,0.0,,基本完整
江西,2024,7,2024-07,流通,24,24,0,0,0,0,0.0,,基本完整
江西,2024,7,2024-07,餐饮,16,16,0,0,0,0,0.0,,基本完整
江西,2024,8,2024-08,流通,37,36,1,1,1,1,0.02702702702702703,1.0,基本完整
江西,2024,8,2024-08,生产,1,1,0,0,0,0,0.0,,基本完整
江西,2024,8,2024-08,餐饮,7,7,0,0,0,0,0.0,,基本完整
江西,2024,9,2024-09,流通,58,57,1,2,0,0,0.017241379310344827,0.0,基本完整
江西,2024,9,2024-09,生产,7,7,0,0,0,0,0.0,,基本完整
江西,2024,9,2024-09,餐饮,2,2,0,0,0,0,0.0,,基本完整
江西,2024,10,2024-10,流通,33,33,0,0,0,0,0.0,,基本完整
江西,2024,10,2024-10,生产,1,1,0,0,0,0,0.0,,基本完整
江西,2024,10,2024-10,餐饮,12,12,0,0,0,0,0.0,,基本完整
江西,2024,11,2024-11,流通,74,74,0,1,0,0,0.0,0.0,基本完整
江西,2024,11,2024-11,生产,4,4,0,0,0,0,0.0,,基本完整
江西,2024,11,2024-11,餐饮,4,4,0,0,0,0,0.0,,基本完整
江西,2024,12,2024-12,流通,63,62,1,1,1,1,0.015873015873015872,1.0,基本完整
江西,2024,12,2024-12,生产,5,4,1,1,1,1,0.2,1.0,基本完整
江西,2024,12,2024-12,餐饮,11,10,1,0,0,0,0.09090909090909091,,基本完整
河北,2023,1,2023-01,流通,106,106,0,0,0,0,0.0,,基本完整
河北,2023,2,2023-02,流通,70,68,2,0,0,0,0.02857142857142857,,基本完整
河北,2023,2,2023-02,餐饮,2,2,0,0,0,0,0.0,,基本完整
河北,2023,3,2023-03,流通,45,44,1,0,0,0,0.022222222222222223,,基本完整
河北,2023,3,2023-03,生产,2,2,0,0,0,0,0.0,,基本完整
河北,2023,3,2023-03,餐饮,3,3,0,0,0,0,0.0,,基本完整
河北,2023,4,2023-04,流通,84,83,1,0,0,0,0.011904761904761904,,基本完整
河北,2023,4,2023-04,生产,1,1,0,0,0,0,0.0,,基本完整
河北,2023,4,2023-04,餐饮,1,1,0,0,0,0,0.0,,基本完整
河北,2023,5,2023-05,流通,98,98,0,0,0,0,0.0,,基本完整
河北,2023,5,2023-05,餐饮,21,21,0,0,0,0,0.0,,基本完整
河北,2023,6,2023-06,流通,131,131,0,0,0,0,0.0,,基本完整
河北,2023,6,2023-06,生产,7,7,0,0,0,0,0.0,,基本完整
河北,2023,6,2023-06,餐饮,15,15,0,0,0,0,0.0,,基本完整
河北,2023,7,2023-07,流通,128,128,0,1,0,0,0.0,0.0,基本完整
河北,2023,7,2023-07,生产,3,3,0,0,0,0,0.0,,基本完整
河北,2023,7,2023-07,餐饮,38,38,0,0,0,0,0.0,,基本完整
河北,2023,8,2023-08,流通,116,116,0,0,0,0,0.0,,基本完整
河北,2023,8,2023-08,生产,7,7,0,0,0,0,0.0,,基本完整
河北,2023,8,2023-08,餐饮,32,32,0,0,0,0,0.0,,基本完整
河北,2023,9,2023-09,流通,134,132,2,1,1,1,0.014925373134328358,1.0,基本完整
河北,2023,9,2023-09,生产,2,1,1,0,0,0,0.5,,基本完整
河北,2023,9,2023-09,餐饮,26,26,0,0,0,0,0.0,,基本完整
河北,2023,10,2023-10,流通,124,122,2,0,0,0,0.016129032258064516,,基本完整
河北,2023,10,2023-10,餐饮,49,49,0,0,0,0,0.0,,基本完整
河北,2023,11,2023-11,流通,165,163,2,0,0,0,0.012121212121212121,,基本完整
河北,2023,11,2023-11,餐饮,15,15,0,0,0,0,0.0,,基本完整
河北,2023,12,2023-12,流通,410,407,3,3,0,0,0.007317073170731708,0.0,基本完整
河北,2023,12,2023-12,生产,15,15,0,0,0,0,0.0,,基本完整
河北,2023,12,2023-12,餐饮,98,98,0,0,0,0,0.0,,基本完整
河北,2024,1,2024-01,流通,97,96,1,0,0,0,0.010309278350515464,,基本完整
河北,2024,1,2024-01,餐饮,1,1,0,0,0,0,0.0,,基本完整
河北,2024,2,2024-02,流通,100,99,1,0,0,0,0.01,,基本完整
河北,2024,2,2024-02,生产,2,2,0,0,0,0,0.0,,基本完整
河北,2024,2,2024-02,餐饮,4,4,0,0,0,0,0.0,,基本完整
河北,2024,3,2024-03,流通,88,87,1,1,1,1,0.011363636363636364,1.0,基本完整
河北,2024,3,2024-03,生产,4,4,0,0,0,0,0.0,,基本完整
河北,2024,3,2024-03,餐饮,4,4,0,0,0,0,0.0,,基本完整
河北,2024,4,2024-04,流通,92,92,0,0,0,0,0.0,,基本完整
河北,2024,4,2024-04,生产,4,4,0,0,0,0,0.0,,基本完整
河北,2024,4,2024-04,餐饮,6,6,0,0,0,0,0.0,,基本完整
河北,2024,5,2024-05,流通,116,111,5,0,0,0,0.04310344827586207,,基本完整
河北,2024,5,2024-05,生产,17,17,0,0,0,0,0.0,,基本完整
河北,2024,5,2024-05,餐饮,28,26,2,2,2,2,0.07142857142857142,1.0,基本完整
河北,2024,6,2024-06,流通,86,86,0,0,0,0,0.0,,基本完整
河北,2024,6,2024-06,生产,18,17,1,1,1,1,0.05555555555555555,1.0,基本完整
河北,2024,6,2024-06,餐饮,7,7,0,0,0,0,0.0,,基本完整
河北,2024,7,2024-07,流通,132,128,4,2,0,0,0.030303030303030304,0.0,基本完整
河北,2024,7,2024-07,生产,11,11,0,0,0,0,0.0,,基本完整
河北,2024,7,2024-07,餐饮,18,17,1,0,0,0,0.05555555555555555,,基本完整
河北,2024,8,2024-08,流通,85,80,5,3,2,2,0.058823529411764705,0.6666666666666666,基本完整
河北,2024,8,2024-08,生产,7,7,0,0,0,0,0.0,,基本完整
河北,2024,8,2024-08,餐饮,8,8,0,0,0,0,0.0,,基本完整
河北,2024,9,2024-09,流通,88,87,1,0,0,0,0.011363636363636364,,基本完整
河北,2024,9,2024-09,生产,10,10,0,0,0,0,0.0,,基本完整
河北,2024,9,2024-09,餐饮,11,11,0,0,0,0,0.0,,基本完整
河北,2024,10,2024-10,流通,101,101,0,0,0,0,0.0,,基本完整
河北,2024,10,2024-10,生产,12,12,0,0,0,0,0.0,,基本完整
河北,2024,10,2024-10,餐饮,22,21,1,0,0,0,0.045454545454545456,,基本完整
河北,2024,11,2024-11,流通,105,104,1,0,0,0,0.009523809523809525,,基本完整
河北,2024,11,2024-11,生产,3,3,0,0,0,0,0.0,,基本完整
河北,2024,11,2024-11,餐饮,3,3,0,0,0,0,0.0,,基本完整
河北,2024,12,2024-12,流通,283,283,0,1,0,0,0.0,0.0,基本完整
河北,2024,12,2024-12,生产,29,29,0,0,0,0,0.0,,基本完整
河北,2024,12,2024-12,餐饮,27,27,0,0,0,0,0.0,,基本完整
河南,2023,1,2023-01,流通,128,125,3,2,1,1,0.0234375,0.5,基本完整
河南,2023,1,2023-01,餐饮,68,64,4,4,4,4,0.058823529411764705,1.0,基本完整
河南,2023,2,2023-02,流通,77,77,0,0,0,0,0.0,,基本完整
河南,2023,2,2023-02,餐饮,92,88,4,4,4,4,0.043478260869565216,1.0,基本完整
河南,2023,3,2023-03,流通,74,74,0,0,0,0,0.0,,基本完整
河南,2023,3,2023-03,生产,4,4,0,0,0,0,0.0,,基本完整
河南,2023,3,2023-03,餐饮,91,86,5,5,5,5,0.054945054945054944,1.0,基本完整
河南,2023,4,2023-04,流通,105,103,2,1,1,1,0.01904761904761905,1.0,基本完整
河南,2023,4,2023-04,餐饮,80,50,30,30,30,30,0.375,1.0,基本完整
河南,2023,5,2023-05,流通,107,107,0,0,0,0,0.0,,基本完整
河南,2023,5,2023-05,餐饮,11,11,0,0,0,0,0.0,,基本完整
河南,2023,6,2023-06,流通,135,132,3,0,0,0,0.022222222222222223,,基本完整
河南,2023,6,2023-06,生产,1,1,0,0,0,0,0.0,,基本完整
河南,2023,6,2023-06,餐饮,12,12,0,0,0,0,0.0,,基本完整
河南,2023,7,2023-07,流通,149,148,1,1,0,0,0.006711409395973154,0.0,基本完整
河南,2023,7,2023-07,餐饮,61,60,1,1,1,1,0.01639344262295082,1.0,基本完整
河南,2023,8,2023-08,流通,211,210,1,0,0,0,0.004739336492890996,,基本完整
河南,2023,8,2023-08,生产,1,1,0,0,0,0,0.0,,基本完整
河南,2023,8,2023-08,餐饮,78,78,0,0,0,0,0.0,,基本完整
河南,2023,9,2023-09,流通,128,126,2,0,0,0,0.015625,,基本完整
河南,2023,9,2023-09,生产,1,1,0,0,0,0,0.0,,基本完整
河南,2023,9,2023-09,餐饮,45,43,2,1,1,1,0.044444444444444446,1.0,基本完整
河南,2023,10,2023-10,流通,172,171,1,0,0,0,0.005813953488372093,,基本完整
河南,2023,10,2023-10,生产,4,4,0,0,0,0,0.0,,基本完整
河南,2023,10,2023-10,餐饮,57,54,3,3,3,3,0.05263157894736842,1.0,基本完整
河南,2023,11,2023-11,流通,239,238,1,1,1,1,0.0041841004184100415,1.0,基本完整
河南,2023,11,2023-11,生产,16,16,0,0,0,0,0.0,,基本完整
河南,2023,11,2023-11,餐饮,161,158,3,3,3,3,0.018633540372670808,1.0,基本完整
河南,2023,12,2023-12,流通,299,298,1,5,0,0,0.0033444816053511705,0.0,基本完整
河南,2023,12,2023-12,生产,19,19,0,0,0,0,0.0,,基本完整
河南,2023,12,2023-12,餐饮,67,64,3,3,3,3,0.04477611940298507,1.0,基本完整
河南,2024,1,2024-01,流通,98,97,1,1,1,1,0.01020408163265306,1.0,基本完整
河南,2024,1,2024-01,生产,2,2,0,0,0,0,0.0,,基本完整
河南,2024,1,2024-01,餐饮,35,35,0,0,0,0,0.0,,基本完整
河南,2024,2,2024-02,流通,114,113,1,0,0,0,0.008771929824561403,,基本完整
河南,2024,2,2024-02,生产,1,0,1,0,0,0,1.0,,基本完整
河南,2024,2,2024-02,餐饮,12,12,0,0,0,0,0.0,,基本完整
河南,2024,3,2024-03,流通,99,96,3,0,0,0,0.030303030303030304,,基本完整
河南,2024,3,2024-03,生产,7,7,0,0,0,0,0.0,,基本完整
河南,2024,3,2024-03,餐饮,27,25,2,2,2,2,0.07407407407407407,1.0,基本完整
河南,2024,4,2024-04,流通,97,97,0,0,0,0,0.0,,基本完整
河南,2024,4,2024-04,餐饮,27,27,0,0,0,0,0.0,,基本完整
河南,2024,5,2024-05,流通,108,107,1,0,0,0,0.009259259259259259,,基本完整
河南,2024,5,2024-05,生产,1,1,0,0,0,0,0.0,,基本完整
河南,2024,5,2024-05,餐饮,21,21,0,0,0,0,0.0,,基本完整
河南,2024,6,2024-06,流通,134,134,0,0,0,0,0.0,,基本完整
河南,2024,6,2024-06,生产,4,4,0,0,0,0,0.0,,基本完整
河南,2024,6,2024-06,餐饮,54,49,5,5,5,5,0.09259259259259259,1.0,基本完整
河南,2024,7,2024-07,流通,174,172,2,1,0,0,0.011494252873563218,0.0,基本完整
河南,2024,7,2024-07,生产,5,4,1,0,0,0,0.2,,基本完整
河南,2024,7,2024-07,餐饮,105,102,3,3,3,2,0.02857142857142857,1.0,基本完整
河南,2024,8,2024-08,流通,124,123,1,0,0,0,0.008064516129032258,,基本完整
河南,2024,8,2024-08,生产,4,4,0,0,0,0,0.0,,基本完整
河南,2024,8,2024-08,餐饮,27,26,1,1,1,1,0.037037037037037035,1.0,基本完整
河南,2024,9,2024-09,流通,165,164,1,2,0,0,0.006060606060606061,0.0,基本完整
河南,2024,9,2024-09,生产,25,25,0,0,0,0,0.0,,基本完整
河南,2024,9,2024-09,餐饮,63,61,2,2,2,2,0.031746031746031744,1.0,基本完整
河南,2024,10,2024-10,流通,113,112,1,0,0,0,0.008849557522123894,,基本完整
河南,2024,10,2024-10,生产,21,21,0,0,0,0,0.0,,基本完整
河南,2024,10,2024-10,餐饮,56,56,0,0,0,0,0.0,,基本完整
河南,2024,11,2024-11,流通,221,221,0,11,0,0,0.0,0.0,基本完整
河南,2024,11,2024-11,生产,26,26,0,0,0,0,0.0,,基本完整
河南,2024,11,2024-11,餐饮,312,311,1,1,1,1,0.003205128205128205,1.0,基本完整
河南,2024,12,2024-12,流通,221,217,4,4,3,1,0.01809954751131222,0.75,基本完整
河南,2024,12,2024-12,生产,5,5,0,0,0,0,0.0,,基本完整
河南,2024,12,2024-12,餐饮,71,70,1,1,1,1,0.014084507042253521,1.0,基本完整
浙江,2023,1,2023-01,流通,91,91,0,1,0,0,0.0,0.0,基本完整
浙江,2023,1,2023-01,生产,17,17,0,0,0,0,0.0,,基本完整
浙江,2023,1,2023-01,餐饮,11,11,0,0,0,0,0.0,,基本完整
浙江,2023,2,2023-02,流通,40,40,0,0,0,0,0.0,,基本完整
浙江,2023,2,2023-02,生产,2,2,0,0,0,0,0.0,,基本完整
浙江,2023,2,2023-02,餐饮,4,4,0,0,0,0,0.0,,基本完整
浙江,2023,3,2023-03,流通,59,59,0,0,0,0,0.0,,基本完整
浙江,2023,3,2023-03,生产,2,2,0,0,0,0,0.0,,基本完整
浙江,2023,3,2023-03,餐饮,14,14,0,0,0,0,0.0,,基本完整
浙江,2023,4,2023-04,流通,71,71,0,0,0,0,0.0,,基本完整
浙江,2023,4,2023-04,生产,14,14,0,0,0,0,0.0,,基本完整
浙江,2023,4,2023-04,餐饮,29,29,0,0,0,0,0.0,,基本完整
浙江,2023,5,2023-05,流通,38,36,2,0,0,0,0.05263157894736842,,基本完整
浙江,2023,5,2023-05,生产,6,6,0,0,0,0,0.0,,基本完整
浙江,2023,5,2023-05,餐饮,35,35,0,0,0,0,0.0,,基本完整
浙江,2023,6,2023-06,流通,49,49,0,0,0,0,0.0,,基本完整
浙江,2023,6,2023-06,生产,13,13,0,0,0,0,0.0,,基本完整
浙江,2023,6,2023-06,餐饮,19,18,1,1,1,1,0.05263157894736842,1.0,基本完整
浙江,2023,7,2023-07,流通,45,43,2,1,0,0,0.044444444444444446,0.0,基本完整
浙江,2023,7,2023-07,生产,14,12,2,0,0,0,0.14285714285714285,,基本完整
浙江,2023,7,2023-07,餐饮,8,8,0,0,0,0,0.0,,基本完整
浙江,2023,8,2023-08,流通,51,51,0,0,0,0,0.0,,基本完整
浙江,2023,8,2023-08,生产,7,7,0,0,0,0,0.0,,基本完整
浙江,2023,8,2023-08,餐饮,22,21,1,1,1,1,0.045454545454545456,1.0,基本完整
浙江,2023,9,2023-09,流通,25,24,1,0,0,0,0.04,,基本完整
浙江,2023,9,2023-09,生产,1,1,0,0,0,0,0.0,,基本完整
浙江,2023,9,2023-09,餐饮,2,2,0,0,0,0,0.0,,基本完整
浙江,2023,10,2023-10,流通,50,49,1,0,0,0,0.02,,基本完整
浙江,2023,10,2023-10,生产,4,4,0,0,0,0,0.0,,基本完整
浙江,2023,10,2023-10,餐饮,27,27,0,0,0,0,0.0,,基本完整
浙江,2023,11,2023-11,流通,73,73,0,0,0,0,0.0,,基本完整
浙江,2023,11,2023-11,生产,6,6,0,0,0,0,0.0,,基本完整
浙江,2023,11,2023-11,餐饮,13,13,0,0,0,0,0.0,,基本完整
浙江,2023,12,2023-12,流通,90,89,1,2,0,0,0.011111111111111112,0.0,基本完整
浙江,2023,12,2023-12,生产,10,10,0,0,0,0,0.0,,基本完整
浙江,2023,12,2023-12,餐饮,6,5,1,1,1,1,0.16666666666666666,1.0,基本完整
浙江,2024,1,2024-01,流通,53,53,0,0,0,0,0.0,,基本完整
浙江,2024,1,2024-01,生产,13,13,0,0,0,0,0.0,,基本完整
浙江,2024,1,2024-01,餐饮,7,7,0,0,0,0,0.0,,基本完整
浙江,2024,2,2024-02,流通,46,46,0,0,0,0,0.0,,基本完整
浙江,2024,2,2024-02,生产,7,7,0,0,0,0,0.0,,基本完整
浙江,2024,2,2024-02,餐饮,11,11,0,0,0,0,0.0,,基本完整
浙江,2024,3,2024-03,流通,18,18,0,0,0,0,0.0,,基本完整
浙江,2024,3,2024-03,生产,1,1,0,0,0,0,0.0,,基本完整
浙江,2024,4,2024-04,流通,29,29,0,0,0,0,0.0,,基本完整
浙江,2024,4,2024-04,生产,15,14,1,1,1,1,0.06666666666666667,1.0,基本完整
浙江,2024,4,2024-04,餐饮,14,14,0,0,0,0,0.0,,基本完整
浙江,2024,5,2024-05,流通,44,44,0,0,0,0,0.0,,基本完整
浙江,2024,5,2024-05,生产,9,9,0,0,0,0,0.0,,基本完整
浙江,2024,5,2024-05,餐饮,11,10,1,1,1,1,0.09090909090909091,1.0,基本完整
浙江,2024,6,2024-06,流通,74,69,5,2,2,2,0.06756756756756757,1.0,基本完整
浙江,2024,6,2024-06,生产,3,2,1,0,0,0,0.3333333333333333,,基本完整
浙江,2024,6,2024-06,餐饮,8,8,0,0,0,0,0.0,,基本完整
浙江,2024,7,2024-07,流通,48,46,2,1,1,1,0.041666666666666664,1.0,基本完整
浙江,2024,7,2024-07,生产,4,4,0,0,0,0,0.0,,基本完整
浙江,2024,7,2024-07,餐饮,23,23,0,0,0,0,0.0,,基本完整
浙江,2024,8,2024-08,流通,42,42,0,0,0,0,0.0,,基本完整
浙江,2024,8,2024-08,生产,3,3,0,0,0,0,0.0,,基本完整
浙江,2024,8,2024-08,餐饮,12,12,0,0,0,0,0.0,,基本完整
浙江,2024,9,2024-09,流通,43,43,0,0,0,0,0.0,,基本完整
浙江,2024,9,2024-09,生产,2,2,0,0,0,0,0.0,,基本完整
浙江,2024,9,2024-09,餐饮,29,29,0,0,0,0,0.0,,基本完整
浙江,2024,10,2024-10,流通,29,29,0,0,0,0,0.0,,基本完整
浙江,2024,10,2024-10,生产,5,5,0,0,0,0,0.0,,基本完整
浙江,2024,10,2024-10,餐饮,14,14,0,0,0,0,0.0,,基本完整
浙江,2024,11,2024-11,流通,69,69,0,0,0,0,0.0,,基本完整
浙江,2024,11,2024-11,生产,5,3,2,1,1,1,0.4,1.0,基本完整
浙江,2024,11,2024-11,餐饮,14,14,0,0,0,0,0.0,,基本完整
浙江,2024,12,2024-12,流通,76,76,0,1,0,0,0.0,0.0,基本完整
浙江,2024,12,2024-12,生产,22,22,0,0,0,0,0.0,,基本完整
浙江,2024,12,2024-12,餐饮,11,11,0,0,0,0,0.0,,基本完整
海南,2023,9,2023-09,流通,1,1,0,0,0,0,0.0,,基本完整
海南,2023,11,2023-11,生产,22,22,0,0,0,0,0.0,,基本完整
海南,2024,1,2024-01,餐饮,3,3,0,0,0,0,0.0,,基本完整
海南,2024,4,2024-04,餐饮,1,0,1,1,1,1,1.0,1.0,基本完整
海南,2024,5,2024-05,生产,1,0,1,1,1,1,1.0,1.0,基本完整
海南,2024,7,2024-07,餐饮,1,0,1,1,1,1,1.0,1.0,基本完整
湖北,2023,1,2023-01,流通,16,16,0,1,0,0,0.0,0.0,基本完整
湖北,2023,1,2023-01,生产,3,3,0,0,0,0,0.0,,基本完整
湖北,2023,1,2023-01,餐饮,1,1,0,0,0,0,0.0,,基本完整
湖北,2023,2,2023-02,流通,17,17,0,0,0,0,0.0,,基本完整
湖北,2023,3,2023-03,流通,25,25,0,0,0,0,0.0,,基本完整
湖北,2023,3,2023-03,餐饮,2,2,0,0,0,0,0.0,,基本完整
湖北,2023,4,2023-04,流通,26,25,1,0,0,0,0.038461538461538464,,基本完整
湖北,2023,4,2023-04,生产,2,2,0,0,0,0,0.0,,基本完整
湖北,2023,4,2023-04,餐饮,4,4,0,0,0,0,0.0,,基本完整
湖北,2023,5,2023-05,流通,51,51,0,0,0,0,0.0,,基本完整
湖北,2023,5,2023-05,生产,10,9,1,0,0,0,0.1,,基本完整
湖北,2023,5,2023-05,餐饮,11,11,0,0,0,0,0.0,,基本完整
湖北,2023,6,2023-06,流通,51,51,0,0,0,0,0.0,,基本完整
湖北,2023,6,2023-06,生产,3,3,0,0,0,0,0.0,,基本完整
湖北,2023,6,2023-06,餐饮,6,6,0,0,0,0,0.0,,基本完整
湖北,2023,7,2023-07,流通,39,39,0,2,0,0,0.0,0.0,基本完整
湖北,2023,7,2023-07,生产,2,2,0,0,0,0,0.0,,基本完整
湖北,2023,7,2023-07,餐饮,8,8,0,0,0,0,0.0,,基本完整
湖北,2023,8,2023-08,流通,35,35,0,0,0,0,0.0,,基本完整
湖北,2023,8,2023-08,餐饮,1,1,0,0,0,0,0.0,,基本完整
湖北,2023,9,2023-09,流通,99,99,0,0,0,0,0.0,,基本完整
湖北,2023,9,2023-09,生产,2,1,1,0,0,0,0.5,,基本完整
湖北,2023,9,2023-09,餐饮,25,25,0,0,0,0,0.0,,基本完整
湖北,2023,10,2023-10,流通,48,48,0,0,0,0,0.0,,基本完整
湖北,2023,10,2023-10,餐饮,2,2,0,0,0,0,0.0,,基本完整
湖北,2023,11,2023-11,流通,60,60,0,0,0,0,0.0,,基本完整
湖北,2023,11,2023-11,生产,2,2,0,0,0,0,0.0,,基本完整
湖北,2023,11,2023-11,餐饮,106,104,2,2,2,0,0.018867924528301886,1.0,基本完整
湖北,2023,12,2023-12,流通,107,107,0,0,0,0,0.0,,基本完整
湖北,2023,12,2023-12,生产,6,6,0,0,0,0,0.0,,基本完整
湖北,2023,12,2023-12,餐饮,64,63,1,1,1,1,0.015625,1.0,基本完整
湖北,2024,1,2024-01,流通,43,39,4,0,0,0,0.09302325581395349,,基本完整
湖北,2024,1,2024-01,餐饮,46,45,1,1,1,1,0.021739130434782608,1.0,基本完整
湖北,2024,2,2024-02,流通,39,39,0,0,0,0,0.0,,基本完整
湖北,2024,2,2024-02,生产,2,2,0,0,0,0,0.0,,基本完整
湖北,2024,3,2024-03,流通,15,15,0,0,0,0,0.0,,基本完整
湖北,2024,3,2024-03,餐饮,2,2,0,0,0,0,0.0,,基本完整
湖北,2024,4,2024-04,流通,20,20,0,0,0,0,0.0,,基本完整
湖北,2024,4,2024-04,餐饮,1,1,0,0,0,0,0.0,,基本完整
湖北,2024,5,2024-05,流通,51,51,0,0,0,0,0.0,,基本完整
湖北,2024,5,2024-05,生产,11,11,0,0,0,0,0.0,,基本完整
湖北,2024,5,2024-05,餐饮,8,8,0,0,0,0,0.0,,基本完整
湖北,2024,6,2024-06,流通,26,26,0,0,0,0,0.0,,基本完整
湖北,2024,6,2024-06,生产,5,3,2,0,0,0,0.4,,基本完整
湖北,2024,6,2024-06,餐饮,1,1,0,0,0,0,0.0,,基本完整
湖北,2024,7,2024-07,流通,52,52,0,2,0,0,0.0,0.0,基本完整
湖北,2024,7,2024-07,生产,2,2,0,0,0,0,0.0,,基本完整
湖北,2024,7,2024-07,餐饮,68,67,1,0,0,0,0.014705882352941176,,基本完整
湖北,2024,8,2024-08,流通,54,54,0,1,0,0,0.0,0.0,基本完整
湖北,2024,8,2024-08,生产,6,6,0,0,0,0,0.0,,基本完整
湖北,2024,8,2024-08,餐饮,6,6,0,0,0,0,0.0,,基本完整
湖北,2024,9,2024-09,流通,72,72,0,0,0,0,0.0,,基本完整
湖北,2024,9,2024-09,生产,19,17,2,0,0,0,0.10526315789473684,,基本完整
湖北,2024,9,2024-09,餐饮,30,28,2,2,2,0,0.06666666666666667,1.0,基本完整
湖北,2024,10,2024-10,流通,57,57,0,0,0,0,0.0,,基本完整
湖北,2024,10,2024-10,生产,4,4,0,0,0,0,0.0,,基本完整
湖北,2024,10,2024-10,餐饮,1,1,0,0,0,0,0.0,,基本完整
湖北,2024,11,2024-11,流通,73,71,2,2,0,0,0.0273972602739726,0.0,基本完整
湖北,2024,11,2024-11,生产,17,17,0,0,0,0,0.0,,基本完整
湖北,2024,11,2024-11,餐饮,81,79,2,2,2,2,0.024691358024691357,1.0,基本完整
湖北,2024,12,2024-12,流通,57,57,0,0,0,0,0.0,,基本完整
湖北,2024,12,2024-12,生产,24,24,0,0,0,0,0.0,,基本完整
湖北,2024,12,2024-12,餐饮,49,47,2,2,2,2,0.04081632653061224,1.0,基本完整
湖南,2023,1,2023-01,流通,16,16,0,0,0,0,0.0,,基本完整
湖南,2023,1,2023-01,餐饮,3,3,0,0,0,0,0.0,,基本完整
湖南,2023,2,2023-02,流通,18,18,0,0,0,0,0.0,,基本完整
湖南,2023,2,2023-02,生产,2,2,0,2,0,0,0.0,0.0,基本完整
湖南,2023,3,2023-03,流通,21,21,0,0,0,0,0.0,,基本完整
湖南,2023,4,2023-04,流通,40,40,0,0,0,0,0.0,,基本完整
湖南,2023,4,2023-04,生产,2,2,0,0,0,0,0.0,,基本完整
湖南,2023,4,2023-04,餐饮,2,2,0,0,0,0,0.0,,基本完整
湖南,2023,5,2023-05,流通,29,29,0,0,0,0,0.0,,基本完整
湖南,2023,5,2023-05,生产,2,2,0,0,0,0,0.0,,基本完整
湖南,2023,5,2023-05,餐饮,4,4,0,0,0,0,0.0,,基本完整
湖南,2023,6,2023-06,流通,39,39,0,0,0,0,0.0,,基本完整
湖南,2023,6,2023-06,生产,6,6,0,0,0,0,0.0,,基本完整
湖南,2023,6,2023-06,餐饮,9,9,0,0,0,0,0.0,,基本完整
湖南,2023,7,2023-07,流通,35,35,0,1,0,0,0.0,0.0,基本完整
湖南,2023,7,2023-07,生产,7,7,0,0,0,0,0.0,,基本完整
湖南,2023,7,2023-07,餐饮,6,6,0,1,0,0,0.0,0.0,基本完整
湖南,2023,8,2023-08,流通,28,28,0,0,0,0,0.0,,基本完整
湖南,2023,8,2023-08,餐饮,2,2,0,0,0,0,0.0,,基本完整
湖南,2023,9,2023-09,流通,35,35,0,0,0,0,0.0,,基本完整
湖南,2023,9,2023-09,生产,5,5,0,0,0,0,0.0,,基本完整
湖南,2023,9,2023-09,餐饮,14,14,0,0,0,0,0.0,,基本完整
湖南,2023,10,2023-10,流通,42,42,0,0,0,0,0.0,,基本完整
湖南,2023,10,2023-10,生产,8,8,0,0,0,0,0.0,,基本完整
湖南,2023,10,2023-10,餐饮,11,11,0,0,0,0,0.0,,基本完整
湖南,2023,11,2023-11,流通,43,43,0,0,0,0,0.0,,基本完整
湖南,2023,11,2023-11,生产,18,18,0,0,0,0,0.0,,基本完整
湖南,2023,11,2023-11,餐饮,19,19,0,0,0,0,0.0,,基本完整
湖南,2023,12,2023-12,流通,55,54,1,0,0,0,0.01818181818181818,,基本完整
湖南,2023,12,2023-12,生产,20,20,0,0,0,0,0.0,,基本完整
湖南,2023,12,2023-12,餐饮,9,9,0,0,0,0,0.0,,基本完整
湖南,2024,1,2024-01,流通,14,14,0,0,0,0,0.0,,基本完整
湖南,2024,1,2024-01,餐饮,3,3,0,0,0,0,0.0,,基本完整
湖南,2024,2,2024-02,流通,10,10,0,0,0,0,0.0,,基本完整
湖南,2024,2,2024-02,生产,3,3,0,0,0,0,0.0,,基本完整
湖南,2024,3,2024-03,流通,11,11,0,0,0,0,0.0,,基本完整
湖南,2024,3,2024-03,生产,38,38,0,0,0,0,0.0,,基本完整
湖南,2024,3,2024-03,餐饮,3,3,0,0,0,0,0.0,,基本完整
湖南,2024,4,2024-04,流通,17,17,0,0,0,0,0.0,,基本完整
湖南,2024,4,2024-04,生产,5,4,1,1,1,1,0.2,1.0,基本完整
湖南,2024,4,2024-04,餐饮,4,4,0,0,0,0,0.0,,基本完整
湖南,2024,5,2024-05,流通,15,15,0,0,0,0,0.0,,基本完整
湖南,2024,5,2024-05,生产,36,36,0,0,0,0,0.0,,基本完整
湖南,2024,5,2024-05,餐饮,4,4,0,0,0,0,0.0,,基本完整
湖南,2024,6,2024-06,流通,36,34,2,0,0,0,0.05555555555555555,,基本完整
湖南,2024,6,2024-06,生产,9,9,0,0,0,0,0.0,,基本完整
湖南,2024,6,2024-06,餐饮,4,4,0,0,0,0,0.0,,基本完整
湖南,2024,7,2024-07,流通,19,18,1,0,0,0,0.05263157894736842,,基本完整
湖南,2024,7,2024-07,生产,32,31,1,0,0,0,0.03125,,基本完整
湖南,2024,7,2024-07,餐饮,1,1,0,0,0,0,0.0,,基本完整
湖南,2024,8,2024-08,流通,27,27,0,0,0,0,0.0,,基本完整
湖南,2024,8,2024-08,生产,3,3,0,0,0,0,0.0,,基本完整
湖南,2024,8,2024-08,餐饮,5,5,0,0,0,0,0.0,,基本完整
湖南,2024,9,2024-09,流通,21,21,0,0,0,0,0.0,,基本完整
湖南,2024,9,2024-09,生产,48,48,0,0,0,0,0.0,,基本完整
湖南,2024,9,2024-09,餐饮,4,4,0,0,0,0,0.0,,基本完整
湖南,2024,10,2024-10,流通,17,17,0,0,0,0,0.0,,基本完整
湖南,2024,10,2024-10,生产,66,63,3,2,2,2,0.045454545454545456,1.0,基本完整
湖南,2024,11,2024-11,流通,20,20,0,0,0,0,0.0,,基本完整
湖南,2024,11,2024-11,生产,4,4,0,0,0,0,0.0,,基本完整
湖南,2024,11,2024-11,餐饮,6,6,0,0,0,0,0.0,,基本完整
湖南,2024,12,2024-12,流通,17,17,0,2,0,0,0.0,0.0,基本完整
湖南,2024,12,2024-12,生产,46,46,0,0,0,0,0.0,,基本完整
湖南,2024,12,2024-12,餐饮,10,10,0,0,0,0,0.0,,基本完整
甘肃,2023,1,2023-01,流通,2,2,0,0,0,0,0.0,,基本完整
甘肃,2023,2,2023-02,流通,4,4,0,0,0,0,0.0,,基本完整
甘肃,2023,2,2023-02,餐饮,1,1,0,0,0,0,0.0,,基本完整
甘肃,2023,3,2023-03,流通,1,1,0,0,0,0,0.0,,基本完整
甘肃,2023,3,2023-03,生产,1,1,0,0,0,0,0.0,,基本完整
甘肃,2023,4,2023-04,流通,2,2,0,0,0,0,0.0,,基本完整
甘肃,2023,4,2023-04,餐饮,1,1,0,0,0,0,0.0,,基本完整
甘肃,2023,5,2023-05,流通,3,3,0,0,0,0,0.0,,基本完整
甘肃,2023,6,2023-06,流通,2,2,0,0,0,0,0.0,,基本完整
甘肃,2023,7,2023-07,流通,3,3,0,0,0,0,0.0,,基本完整
甘肃,2023,8,2023-08,流通,4,4,0,0,0,0,0.0,,基本完整
甘肃,2023,8,2023-08,餐饮,8,8,0,0,0,0,0.0,,基本完整
甘肃,2023,9,2023-09,流通,1,1,0,0,0,0,0.0,,基本完整
甘肃,2023,10,2023-10,餐饮,2,2,0,0,0,0,0.0,,基本完整
甘肃,2023,11,2023-11,流通,2,2,0,0,0,0,0.0,,基本完整
甘肃,2023,11,2023-11,餐饮,5,5,0,0,0,0,0.0,,基本完整
甘肃,2023,12,2023-12,流通,3,3,0,0,0,0,0.0,,基本完整
甘肃,2023,12,2023-12,生产,1,0,1,0,0,0,1.0,,基本完整
甘肃,2024,2,2024-02,流通,3,3,0,0,0,0,0.0,,基本完整
甘肃,2024,2,2024-02,生产,1,1,0,0,0,0,0.0,,基本完整
甘肃,2024,3,2024-03,流通,1,1,0,0,0,0,0.0,,基本完整
甘肃,2024,3,2024-03,餐饮,2,0,2,2,2,2,1.0,1.0,基本完整
甘肃,2024,5,2024-05,流通,1,1,0,0,0,0,0.0,,基本完整
甘肃,2024,5,2024-05,餐饮,1,0,1,1,1,1,1.0,1.0,基本完整
甘肃,2024,7,2024-07,流通,2,2,0,0,0,0,0.0,,基本完整
甘肃,2024,9,2024-09,流通,1,1,0,0,0,0,0.0,,基本完整
甘肃,2024,10,2024-10,生产,1,1,0,0,0,0,0.0,,基本完整
甘肃,2024,11,2024-11,流通,2,2,0,0,0,0,0.0,,基本完整
甘肃,2024,11,2024-11,餐饮,1,1,0,0,0,0,0.0,,基本完整
甘肃,2024,12,2024-12,餐饮,2,1,1,1,1,1,0.5,1.0,基本完整
福建,2023,1,2023-01,流通,50,50,0,0,0,0,0.0,,基本完整
福建,2023,1,2023-01,生产,4,4,0,0,0,0,0.0,,基本完整
福建,2023,1,2023-01,餐饮,2,2,0,0,0,0,0.0,,基本完整
福建,2023,2,2023-02,流通,29,27,2,0,0,0,0.06896551724137931,,基本完整
福建,2023,2,2023-02,生产,5,5,0,0,0,0,0.0,,基本完整
福建,2023,2,2023-02,餐饮,4,4,0,0,0,0,0.0,,基本完整
福建,2023,3,2023-03,流通,35,35,0,0,0,0,0.0,,基本完整
福建,2023,3,2023-03,生产,5,5,0,0,0,0,0.0,,基本完整
福建,2023,3,2023-03,餐饮,4,4,0,0,0,0,0.0,,基本完整
福建,2023,4,2023-04,流通,50,50,0,0,0,0,0.0,,基本完整
福建,2023,4,2023-04,生产,6,6,0,0,0,0,0.0,,基本完整
福建,2023,4,2023-04,餐饮,8,8,0,0,0,0,0.0,,基本完整
福建,2023,5,2023-05,流通,96,96,0,0,0,0,0.0,,基本完整
福建,2023,5,2023-05,生产,3,3,0,0,0,0,0.0,,基本完整
福建,2023,5,2023-05,餐饮,9,9,0,0,0,0,0.0,,基本完整
福建,2023,6,2023-06,流通,127,126,1,0,0,0,0.007874015748031496,,基本完整
福建,2023,6,2023-06,生产,4,4,0,0,0,0,0.0,,基本完整
福建,2023,6,2023-06,餐饮,41,41,0,0,0,0,0.0,,基本完整
福建,2023,7,2023-07,流通,91,89,2,5,0,0,0.02197802197802198,0.0,基本完整
福建,2023,7,2023-07,生产,9,9,0,0,0,0,0.0,,基本完整
福建,2023,7,2023-07,餐饮,9,9,0,0,0,0,0.0,,基本完整
福建,2023,8,2023-08,流通,91,89,2,0,0,0,0.02197802197802198,,基本完整
福建,2023,8,2023-08,生产,7,7,0,0,0,0,0.0,,基本完整
福建,2023,8,2023-08,餐饮,6,6,0,0,0,0,0.0,,基本完整
福建,2023,9,2023-09,流通,120,119,1,0,0,0,0.008333333333333333,,基本完整
福建,2023,9,2023-09,生产,3,3,0,0,0,0,0.0,,基本完整
福建,2023,9,2023-09,餐饮,47,47,0,0,0,0,0.0,,基本完整
福建,2023,10,2023-10,流通,46,45,1,0,0,0,0.021739130434782608,,基本完整
福建,2023,10,2023-10,生产,10,10,0,0,0,0,0.0,,基本完整
福建,2023,10,2023-10,餐饮,9,9,0,0,0,0,0.0,,基本完整
福建,2023,11,2023-11,流通,89,87,2,0,0,0,0.02247191011235955,,基本完整
福建,2023,11,2023-11,生产,14,13,1,0,0,0,0.07142857142857142,,基本完整
福建,2023,11,2023-11,餐饮,45,45,0,0,0,0,0.0,,基本完整
福建,2023,12,2023-12,流通,234,234,0,0,0,0,0.0,,基本完整
福建,2023,12,2023-12,生产,26,26,0,0,0,0,0.0,,基本完整
福建,2023,12,2023-12,餐饮,29,28,1,0,0,0,0.034482758620689655,,基本完整
福建,2024,1,2024-01,流通,115,111,4,3,3,3,0.034782608695652174,1.0,基本完整
福建,2024,1,2024-01,生产,13,13,0,0,0,0,0.0,,基本完整
福建,2024,1,2024-01,餐饮,12,12,0,0,0,0,0.0,,基本完整
福建,2024,2,2024-02,流通,98,98,0,0,0,0,0.0,,基本完整
福建,2024,2,2024-02,生产,5,5,0,0,0,0,0.0,,基本完整
福建,2024,2,2024-02,餐饮,2,2,0,0,0,0,0.0,,基本完整
福建,2024,3,2024-03,流通,95,94,1,0,0,0,0.010526315789473684,,基本完整
福建,2024,3,2024-03,生产,8,8,0,0,0,0,0.0,,基本完整
福建,2024,3,2024-03,餐饮,9,9,0,0,0,0,0.0,,基本完整
福建,2024,4,2024-04,流通,65,65,0,0,0,0,0.0,,基本完整
福建,2024,4,2024-04,生产,9,9,0,0,0,0,0.0,,基本完整
福建,2024,4,2024-04,餐饮,4,4,0,0,0,0,0.0,,基本完整
福建,2024,5,2024-05,流通,94,94,0,0,0,0,0.0,,基本完整
福建,2024,5,2024-05,生产,16,16,0,0,0,0,0.0,,基本完整
福建,2024,5,2024-05,餐饮,2,2,0,0,0,0,0.0,,基本完整
福建,2024,6,2024-06,流通,91,89,2,1,0,0,0.02197802197802198,0.0,基本完整
福建,2024,6,2024-06,生产,5,5,0,0,0,0,0.0,,基本完整
福建,2024,6,2024-06,餐饮,7,7,0,0,0,0,0.0,,基本完整
福建,2024,7,2024-07,流通,79,78,1,3,0,0,0.012658227848101266,0.0,基本完整
福建,2024,7,2024-07,生产,10,10,0,0,0,0,0.0,,基本完整
福建,2024,7,2024-07,餐饮,24,24,0,0,0,0,0.0,,基本完整
福建,2024,8,2024-08,流通,133,127,6,3,0,0,0.045112781954887216,0.0,基本完整
福建,2024,8,2024-08,生产,20,20,0,0,0,0,0.0,,基本完整
福建,2024,8,2024-08,餐饮,41,40,1,0,0,0,0.024390243902439025,,基本完整
福建,2024,9,2024-09,流通,103,102,1,5,0,0,0.009708737864077669,0.0,基本完整
福建,2024,9,2024-09,生产,28,27,1,1,1,1,0.03571428571428571,1.0,基本完整
福建,2024,9,2024-09,餐饮,42,42,0,20,0,0,0.0,0.0,基本完整
福建,2024,10,2024-10,流通,81,81,0,0,0,0,0.0,,基本完整
福建,2024,10,2024-10,生产,17,17,0,0,0,0,0.0,,基本完整
福建,2024,10,2024-10,餐饮,12,12,0,0,0,0,0.0,,基本完整
福建,2024,11,2024-11,流通,124,123,1,0,0,0,0.008064516129032258,,基本完整
福建,2024,11,2024-11,生产,9,9,0,0,0,0,0.0,,基本完整
福建,2024,11,2024-11,餐饮,36,36,0,0,0,0,0.0,,基本完整
福建,2024,12,2024-12,流通,146,146,0,1,0,0,0.0,0.0,基本完整
福建,2024,12,2024-12,生产,7,7,0,0,0,0,0.0,,基本完整
福建,2024,12,2024-12,餐饮,15,15,0,0,0,0,0.0,,基本完整
西藏,2023,5,2023-05,餐饮,2,2,0,0,0,0,0.0,,基本完整
西藏,2023,10,2023-10,餐饮,8,8,0,0,0,0,0.0,,基本完整
西藏,2023,11,2023-11,餐饮,3,3,0,0,0,0,0.0,,基本完整
西藏,2023,12,2023-12,餐饮,3,3,0,0,0,0,0.0,,基本完整
西藏,2024,11,2024-11,餐饮,10,9,1,1,1,0,0.1,1.0,基本完整
西藏,2024,12,2024-12,流通,1,1,0,0,0,0,0.0,,基本完整
西藏,2024,12,2024-12,餐饮,30,30,0,0,0,0,0.0,,基本完整
贵州,2023,1,2023-01,流通,7,7,0,0,0,0,0.0,,基本完整
贵州,2023,1,2023-01,生产,3,3,0,0,0,0,0.0,,基本完整
贵州,2023,2,2023-02,流通,9,9,0,0,0,0,0.0,,基本完整
贵州,2023,2,2023-02,生产,10,9,1,0,0,0,0.1,,基本完整
贵州,2023,2,2023-02,餐饮,7,7,0,0,0,0,0.0,,基本完整
贵州,2023,3,2023-03,流通,7,7,0,0,0,0,0.0,,基本完整
贵州,2023,4,2023-04,流通,20,20,0,0,0,0,0.0,,基本完整
贵州,2023,4,2023-04,餐饮,30,30,0,0,0,0,0.0,,基本完整
贵州,2023,5,2023-05,流通,14,12,2,0,0,0,0.14285714285714285,,基本完整
贵州,2023,5,2023-05,餐饮,1,1,0,0,0,0,0.0,,基本完整
贵州,2023,6,2023-06,流通,7,7,0,0,0,0,0.0,,基本完整
贵州,2023,6,2023-06,餐饮,5,5,0,0,0,0,0.0,,基本完整
贵州,2023,7,2023-07,流通,17,17,0,0,0,0,0.0,,基本完整
贵州,2023,7,2023-07,餐饮,18,18,0,0,0,0,0.0,,基本完整
贵州,2023,8,2023-08,流通,15,15,0,0,0,0,0.0,,基本完整
贵州,2023,8,2023-08,生产,2,2,0,0,0,0,0.0,,基本完整
贵州,2023,8,2023-08,餐饮,41,41,0,0,0,0,0.0,,基本完整
贵州,2023,9,2023-09,流通,10,10,0,0,0,0,0.0,,基本完整
贵州,2023,9,2023-09,生产,1,1,0,0,0,0,0.0,,基本完整
贵州,2023,9,2023-09,餐饮,10,10,0,0,0,0,0.0,,基本完整
贵州,2023,10,2023-10,流通,18,18,0,0,0,0,0.0,,基本完整
贵州,2023,10,2023-10,生产,4,4,0,0,0,0,0.0,,基本完整
贵州,2023,10,2023-10,餐饮,58,54,4,4,4,4,0.06896551724137931,1.0,基本完整
贵州,2023,11,2023-11,流通,21,21,0,0,0,0,0.0,,基本完整
贵州,2023,11,2023-11,生产,2,2,0,0,0,0,0.0,,基本完整
贵州,2023,11,2023-11,餐饮,18,18,0,0,0,0,0.0,,基本完整
贵州,2023,12,2023-12,流通,65,62,3,1,1,1,0.046153846153846156,1.0,基本完整
贵州,2023,12,2023-12,生产,6,6,0,0,0,0,0.0,,基本完整
贵州,2023,12,2023-12,餐饮,55,54,1,1,1,1,0.01818181818181818,1.0,基本完整
贵州,2024,1,2024-01,流通,22,22,0,0,0,0,0.0,,基本完整
贵州,2024,1,2024-01,生产,6,6,0,0,0,0,0.0,,基本完整
贵州,2024,1,2024-01,餐饮,16,16,0,0,0,0,0.0,,基本完整
贵州,2024,2,2024-02,流通,16,16,0,0,0,0,0.0,,基本完整
贵州,2024,2,2024-02,生产,2,2,0,0,0,0,0.0,,基本完整
贵州,2024,2,2024-02,餐饮,1,1,0,0,0,0,0.0,,基本完整
贵州,2024,3,2024-03,流通,2,1,1,1,1,1,0.5,1.0,基本完整
贵州,2024,3,2024-03,餐饮,5,5,0,0,0,0,0.0,,基本完整
贵州,2024,4,2024-04,流通,5,4,1,0,0,0,0.2,,基本完整
贵州,2024,4,2024-04,餐饮,6,6,0,0,0,0,0.0,,基本完整
贵州,2024,5,2024-05,流通,10,8,2,0,0,0,0.2,,基本完整
贵州,2024,5,2024-05,餐饮,1,1,0,0,0,0,0.0,,基本完整
贵州,2024,6,2024-06,流通,18,18,0,0,0,0,0.0,,基本完整
贵州,2024,6,2024-06,餐饮,4,4,0,0,0,0,0.0,,基本完整
贵州,2024,7,2024-07,流通,14,12,2,0,0,0,0.14285714285714285,,基本完整
贵州,2024,7,2024-07,生产,1,1,0,0,0,0,0.0,,基本完整
贵州,2024,7,2024-07,餐饮,5,5,0,0,0,0,0.0,,基本完整
贵州,2024,8,2024-08,流通,11,10,1,1,0,0,0.09090909090909091,0.0,基本完整
贵州,2024,8,2024-08,生产,1,1,0,0,0,0,0.0,,基本完整
贵州,2024,8,2024-08,餐饮,45,45,0,0,0,0,0.0,,基本完整
贵州,2024,9,2024-09,流通,10,10,0,0,0,0,0.0,,基本完整
贵州,2024,9,2024-09,餐饮,4,4,0,0,0,0,0.0,,基本完整
贵州,2024,10,2024-10,流通,14,14,0,0,0,0,0.0,,基本完整
贵州,2024,10,2024-10,生产,1,1,0,0,0,0,0.0,,基本完整
贵州,2024,10,2024-10,餐饮,32,30,2,2,2,2,0.0625,1.0,基本完整
贵州,2024,11,2024-11,流通,12,11,1,1,1,1,0.08333333333333333,1.0,基本完整
贵州,2024,11,2024-11,生产,2,2,0,0,0,0,0.0,,基本完整
贵州,2024,11,2024-11,餐饮,10,10,0,0,0,0,0.0,,基本完整
贵州,2024,12,2024-12,流通,11,10,1,0,0,0,0.09090909090909091,,基本完整
贵州,2024,12,2024-12,生产,7,7,0,0,0,0,0.0,,基本完整
贵州,2024,12,2024-12,餐饮,10,4,6,5,5,5,0.6,1.0,基本完整
辽宁,2023,1,2023-01,流通,38,38,0,2,0,0,0.0,0.0,基本完整
辽宁,2023,1,2023-01,生产,3,3,0,0,0,0,0.0,,基本完整
辽宁,2023,2,2023-02,流通,28,27,1,0,0,0,0.03571428571428571,,基本完整
辽宁,2023,2,2023-02,生产,10,9,1,0,0,0,0.1,,基本完整
辽宁,2023,2,2023-02,餐饮,18,17,1,0,0,0,0.05555555555555555,,基本完整
辽宁,2023,3,2023-03,流通,19,19,0,0,0,0,0.0,,基本完整
辽宁,2023,3,2023-03,餐饮,3,3,0,0,0,0,0.0,,基本完整
辽宁,2023,4,2023-04,流通,33,33,0,0,0,0,0.0,,基本完整
辽宁,2023,4,2023-04,生产,2,2,0,0,0,0,0.0,,基本完整
辽宁,2023,4,2023-04,餐饮,2,2,0,0,0,0,0.0,,基本完整
辽宁,2023,5,2023-05,流通,36,36,0,0,0,0,0.0,,基本完整
辽宁,2023,5,2023-05,生产,1,1,0,0,0,0,0.0,,基本完整
辽宁,2023,5,2023-05,餐饮,4,4,0,0,0,0,0.0,,基本完整
辽宁,2023,6,2023-06,流通,81,80,1,1,0,0,0.012345679012345678,0.0,基本完整
辽宁,2023,6,2023-06,生产,4,4,0,0,0,0,0.0,,基本完整
辽宁,2023,6,2023-06,餐饮,34,34,0,0,0,0,0.0,,基本完整
辽宁,2023,7,2023-07,流通,102,102,0,2,0,0,0.0,0.0,基本完整
辽宁,2023,7,2023-07,生产,12,12,0,0,0,0,0.0,,基本完整
辽宁,2023,7,2023-07,餐饮,24,24,0,0,0,0,0.0,,基本完整
辽宁,2023,8,2023-08,流通,81,80,1,0,0,0,0.012345679012345678,,基本完整
辽宁,2023,8,2023-08,生产,12,12,0,0,0,0,0.0,,基本完整
辽宁,2023,8,2023-08,餐饮,58,58,0,0,0,0,0.0,,基本完整
辽宁,2023,9,2023-09,流通,72,72,0,1,0,0,0.0,0.0,基本完整
辽宁,2023,9,2023-09,生产,7,7,0,0,0,0,0.0,,基本完整
辽宁,2023,9,2023-09,餐饮,16,16,0,0,0,0,0.0,,基本完整
辽宁,2023,10,2023-10,流通,54,52,2,0,0,0,0.037037037037037035,,基本完整
辽宁,2023,10,2023-10,生产,6,6,0,0,0,0,0.0,,基本完整
辽宁,2023,10,2023-10,餐饮,47,47,0,0,0,0,0.0,,基本完整
辽宁,2023,11,2023-11,流通,105,103,2,0,0,0,0.01904761904761905,,基本完整
辽宁,2023,11,2023-11,生产,19,18,1,0,0,0,0.05263157894736842,,基本完整
辽宁,2023,11,2023-11,餐饮,47,47,0,0,0,0,0.0,,基本完整
辽宁,2023,12,2023-12,流通,157,154,3,0,0,0,0.01910828025477707,,基本完整
辽宁,2023,12,2023-12,生产,8,8,0,0,0,0,0.0,,基本完整
辽宁,2023,12,2023-12,餐饮,50,50,0,0,0,0,0.0,,基本完整
辽宁,2024,1,2024-01,流通,35,34,1,0,0,0,0.02857142857142857,,基本完整
辽宁,2024,1,2024-01,餐饮,5,5,0,0,0,0,0.0,,基本完整
辽宁,2024,2,2024-02,流通,46,46,0,0,0,0,0.0,,基本完整
辽宁,2024,2,2024-02,生产,6,6,0,0,0,0,0.0,,基本完整
辽宁,2024,2,2024-02,餐饮,4,4,0,0,0,0,0.0,,基本完整
辽宁,2024,3,2024-03,流通,17,17,0,0,0,0,0.0,,基本完整
辽宁,2024,3,2024-03,餐饮,6,6,0,0,0,0,0.0,,基本完整
辽宁,2024,4,2024-04,流通,35,34,1,0,0,0,0.02857142857142857,,基本完整
辽宁,2024,4,2024-04,餐饮,4,4,0,0,0,0,0.0,,基本完整
辽宁,2024,5,2024-05,流通,34,34,0,0,0,0,0.0,,基本完整
辽宁,2024,5,2024-05,餐饮,13,13,0,0,0,0,0.0,,基本完整
辽宁,2024,6,2024-06,流通,141,140,1,0,0,0,0.0070921985815602835,,基本完整
辽宁,2024,6,2024-06,生产,9,9,0,0,0,0,0.0,,基本完整
辽宁,2024,6,2024-06,餐饮,16,16,0,0,0,0,0.0,,基本完整
辽宁,2024,7,2024-07,流通,88,86,2,0,0,0,0.022727272727272728,,基本完整
辽宁,2024,7,2024-07,生产,6,6,0,0,0,0,0.0,,基本完整
辽宁,2024,7,2024-07,餐饮,41,41,0,0,0,0,0.0,,基本完整
辽宁,2024,8,2024-08,流通,76,76,0,0,0,0,0.0,,基本完整
辽宁,2024,8,2024-08,生产,6,6,0,0,0,0,0.0,,基本完整
辽宁,2024,8,2024-08,餐饮,64,64,0,0,0,0,0.0,,基本完整
辽宁,2024,9,2024-09,流通,79,77,2,2,0,0,0.02531645569620253,0.0,基本完整
辽宁,2024,9,2024-09,生产,19,19,0,0,0,0,0.0,,基本完整
辽宁,2024,9,2024-09,餐饮,58,58,0,4,0,0,0.0,0.0,基本完整
辽宁,2024,10,2024-10,流通,63,62,1,0,0,0,0.015873015873015872,,基本完整
辽宁,2024,10,2024-10,生产,6,6,0,0,0,0,0.0,,基本完整
辽宁,2024,10,2024-10,餐饮,42,42,0,0,0,0,0.0,,基本完整
辽宁,2024,11,2024-11,流通,116,115,1,1,0,0,0.008620689655172414,0.0,基本完整
辽宁,2024,11,2024-11,生产,9,9,0,0,0,0,0.0,,基本完整
辽宁,2024,11,2024-11,餐饮,45,45,0,0,0,0,0.0,,基本完整
辽宁,2024,12,2024-12,流通,117,113,4,0,0,0,0.03418803418803419,,基本完整
辽宁,2024,12,2024-12,生产,16,16,0,0,0,0,0.0,,基本完整
辽宁,2024,12,2024-12,餐饮,55,55,0,1,0,0,0.0,0.0,基本完整
进口,2023,11,2023-11,餐饮,1,1,0,0,0,0,0.0,,基本完整
进口,2024,1,2024-01,流通,1,1,0,0,0,0,0.0,,基本完整
进口,2024,11,2024-11,流通,2,2,0,0,0,0,0.0,,基本完整
重庆,2023,1,2023-01,流通,16,16,0,0,0,0,0.0,,基本完整
重庆,2023,1,2023-01,生产,9,9,0,0,0,0,0.0,,基本完整
重庆,2023,2,2023-02,流通,12,11,1,0,0,0,0.08333333333333333,,基本完整
重庆,2023,2,2023-02,生产,3,3,0,0,0,0,0.0,,基本完整
重庆,2023,3,2023-03,流通,18,18,0,0,0,0,0.0,,基本完整
重庆,2023,3,2023-03,生产,1,0,1,0,0,0,1.0,,基本完整
重庆,2023,4,2023-04,流通,12,12,0,0,0,0,0.0,,基本完整
重庆,2023,4,2023-04,生产,5,5,0,0,0,0,0.0,,基本完整
重庆,2023,5,2023-05,流通,18,18,0,0,0,0,0.0,,基本完整
重庆,2023,5,2023-05,生产,15,13,2,0,0,0,0.13333333333333333,,基本完整
重庆,2023,5,2023-05,餐饮,9,9,0,0,0,0,0.0,,基本完整
重庆,2023,6,2023-06,流通,38,38,0,0,0,0,0.0,,基本完整
重庆,2023,6,2023-06,生产,11,11,0,0,0,0,0.0,,基本完整
重庆,2023,6,2023-06,餐饮,82,82,0,0,0,0,0.0,,基本完整
重庆,2023,7,2023-07,流通,18,18,0,0,0,0,0.0,,基本完整
重庆,2023,7,2023-07,生产,3,3,0,0,0,0,0.0,,基本完整
重庆,2023,7,2023-07,餐饮,14,14,0,0,0,0,0.0,,基本完整
重庆,2023,8,2023-08,流通,29,29,0,0,0,0,0.0,,基本完整
重庆,2023,8,2023-08,生产,2,2,0,0,0,0,0.0,,基本完整
重庆,2023,8,2023-08,餐饮,4,4,0,0,0,0,0.0,,基本完整
重庆,2023,9,2023-09,流通,33,32,1,0,0,0,0.030303030303030304,,基本完整
重庆,2023,9,2023-09,生产,6,6,0,0,0,0,0.0,,基本完整
重庆,2023,9,2023-09,餐饮,18,18,0,0,0,0,0.0,,基本完整
重庆,2023,10,2023-10,流通,38,36,2,0,0,0,0.05263157894736842,,基本完整
重庆,2023,10,2023-10,生产,5,5,0,0,0,0,0.0,,基本完整
重庆,2023,10,2023-10,餐饮,14,14,0,0,0,0,0.0,,基本完整
重庆,2023,11,2023-11,流通,39,37,2,0,0,0,0.05128205128205128,,基本完整
重庆,2023,11,2023-11,生产,4,4,0,0,0,0,0.0,,基本完整
重庆,2023,11,2023-11,餐饮,31,31,0,0,0,0,0.0,,基本完整
重庆,2023,12,2023-12,流通,50,50,0,0,0,0,0.0,,基本完整
重庆,2023,12,2023-12,生产,4,3,1,0,0,0,0.25,,基本完整
重庆,2023,12,2023-12,餐饮,66,66,0,0,0,0,0.0,,基本完整
重庆,2024,1,2024-01,流通,14,14,0,0,0,0,0.0,,基本完整
重庆,2024,2,2024-02,流通,17,17,0,0,0,0,0.0,,基本完整
重庆,2024,3,2024-03,流通,9,9,0,0,0,0,0.0,,基本完整
重庆,2024,3,2024-03,生产,2,2,0,0,0,0,0.0,,基本完整
重庆,2024,3,2024-03,餐饮,2,2,0,0,0,0,0.0,,基本完整
重庆,2024,4,2024-04,流通,15,15,0,0,0,0,0.0,,基本完整
重庆,2024,4,2024-04,生产,7,7,0,0,0,0,0.0,,基本完整
重庆,2024,4,2024-04,餐饮,5,5,0,0,0,0,0.0,,基本完整
重庆,2024,5,2024-05,流通,11,10,1,0,0,0,0.09090909090909091,,基本完整
重庆,2024,6,2024-06,流通,43,40,3,0,0,0,0.06976744186046512,,基本完整
重庆,2024,6,2024-06,生产,16,16,0,0,0,0,0.0,,基本完整
重庆,2024,6,2024-06,餐饮,104,104,0,0,0,0,0.0,,基本完整
重庆,2024,7,2024-07,流通,34,33,1,0,0,0,0.029411764705882353,,基本完整
重庆,2024,7,2024-07,生产,3,3,0,0,0,0,0.0,,基本完整
重庆,2024,7,2024-07,餐饮,23,23,0,0,0,0,0.0,,基本完整
重庆,2024,8,2024-08,流通,27,27,0,0,0,0,0.0,,基本完整
重庆,2024,8,2024-08,餐饮,1,1,0,0,0,0,0.0,,基本完整
重庆,2024,9,2024-09,流通,46,46,0,0,0,0,0.0,,基本完整
重庆,2024,9,2024-09,生产,7,7,0,0,0,0,0.0,,基本完整
重庆,2024,9,2024-09,餐饮,29,29,0,0,0,0,0.0,,基本完整
重庆,2024,10,2024-10,流通,18,18,0,0,0,0,0.0,,基本完整
重庆,2024,10,2024-10,生产,8,8,0,0,0,0,0.0,,基本完整
重庆,2024,10,2024-10,餐饮,41,41,0,0,0,0,0.0,,基本完整
重庆,2024,11,2024-11,流通,42,41,1,1,0,0,0.023809523809523808,0.0,基本完整
重庆,2024,11,2024-11,生产,4,4,0,0,0,0,0.0,,基本完整
重庆,2024,11,2024-11,餐饮,18,18,0,0,0,0,0.0,,基本完整
重庆,2024,12,2024-12,流通,57,53,4,0,0,0,0.07017543859649122,,基本完整
重庆,2024,12,2024-12,生产,16,16,0,0,0,0,0.0,,基本完整
重庆,2024,12,2024-12,餐饮,71,71,0,0,0,0,0.0,,基本完整
陕西,2023,1,2023-01,流通,20,20,0,0,0,0,0.0,,基本完整
陕西,2023,1,2023-01,餐饮,2,2,0,0,0,0,0.0,,基本完整
陕西,2023,2,2023-02,生产,1,1,0,0,0,0,0.0,,基本完整
陕西,2023,3,2023-03,流通,5,5,0,0,0,0,0.0,,基本完整
陕西,2023,3,2023-03,餐饮,31,31,0,0,0,0,0.0,,基本完整
陕西,2023,4,2023-04,流通,2,2,0,0,0,0,0.0,,基本完整
陕西,2023,5,2023-05,流通,6,6,0,0,0,0,0.0,,基本完整
陕西,2023,5,2023-05,餐饮,1,1,0,0,0,0,0.0,,基本完整
陕西,2023,6,2023-06,流通,2,1,1,0,0,0,0.5,,基本完整
陕西,2023,6,2023-06,生产,1,1,0,0,0,0,0.0,,基本完整
陕西,2023,7,2023-07,流通,10,9,1,0,0,0,0.1,,基本完整
陕西,2023,7,2023-07,生产,1,1,0,0,0,0,0.0,,基本完整
陕西,2023,7,2023-07,餐饮,30,30,0,0,0,0,0.0,,基本完整
陕西,2023,8,2023-08,流通,6,6,0,0,0,0,0.0,,基本完整
陕西,2023,8,2023-08,餐饮,1,1,0,0,0,0,0.0,,基本完整
陕西,2023,9,2023-09,流通,9,9,0,0,0,0,0.0,,基本完整
陕西,2023,9,2023-09,餐饮,11,11,0,0,0,0,0.0,,基本完整
陕西,2023,10,2023-10,流通,16,15,1,0,0,0,0.0625,,基本完整
陕西,2023,10,2023-10,餐饮,64,63,1,0,0,0,0.015625,,基本完整
陕西,2023,11,2023-11,流通,17,17,0,0,0,0,0.0,,基本完整
陕西,2023,11,2023-11,餐饮,17,17,0,0,0,0,0.0,,基本完整
陕西,2023,12,2023-12,流通,26,26,0,0,0,0,0.0,,基本完整
陕西,2023,12,2023-12,餐饮,9,8,1,0,0,0,0.1111111111111111,,基本完整
陕西,2024,1,2024-01,流通,9,9,0,0,0,0,0.0,,基本完整
陕西,2024,1,2024-01,餐饮,19,19,0,0,0,0,0.0,,基本完整
陕西,2024,2,2024-02,流通,6,6,0,0,0,0,0.0,,基本完整
陕西,2024,2,2024-02,餐饮,2,2,0,0,0,0,0.0,,基本完整
陕西,2024,3,2024-03,流通,6,6,0,0,0,0,0.0,,基本完整
陕西,2024,4,2024-04,流通,3,3,0,0,0,0,0.0,,基本完整
陕西,2024,5,2024-05,流通,10,9,1,0,0,0,0.1,,基本完整
陕西,2024,5,2024-05,生产,1,1,0,0,0,0,0.0,,基本完整
陕西,2024,5,2024-05,餐饮,1,1,0,0,0,0,0.0,,基本完整
陕西,2024,6,2024-06,流通,15,15,0,0,0,0,0.0,,基本完整
陕西,2024,6,2024-06,生产,3,3,0,0,0,0,0.0,,基本完整
陕西,2024,7,2024-07,流通,7,7,0,0,0,0,0.0,,基本完整
陕西,2024,7,2024-07,餐饮,16,16,0,0,0,0,0.0,,基本完整
陕西,2024,8,2024-08,流通,7,7,0,0,0,0,0.0,,基本完整
陕西,2024,8,2024-08,餐饮,7,6,1,1,1,1,0.14285714285714285,1.0,基本完整
陕西,2024,9,2024-09,流通,12,12,0,0,0,0,0.0,,基本完整
陕西,2024,9,2024-09,生产,1,1,0,0,0,0,0.0,,基本完整
陕西,2024,9,2024-09,餐饮,13,13,0,0,0,0,0.0,,基本完整
陕西,2024,10,2024-10,流通,13,13,0,0,0,0,0.0,,基本完整
陕西,2024,10,2024-10,餐饮,17,17,0,0,0,0,0.0,,基本完整
陕西,2024,11,2024-11,流通,13,13,0,0,0,0,0.0,,基本完整
陕西,2024,11,2024-11,餐饮,12,12,0,0,0,0,0.0,,基本完整
陕西,2024,12,2024-12,流通,26,25,1,0,0,0,0.038461538461538464,,基本完整
陕西,2024,12,2024-12,生产,2,2,0,0,0,0,0.0,,基本完整
陕西,2024,12,2024-12,餐饮,29,25,4,3,3,3,0.13793103448275862,1.0,基本完整
青海,2023,6,2023-06,流通,1,1,0,0,0,0,0.0,,基本完整
青海,2023,8,2023-08,流通,2,2,0,0,0,0,0.0,,基本完整
青海,2023,8,2023-08,餐饮,8,8,0,0,0,0,0.0,,基本完整
青海,2023,9,2023-09,流通,4,3,1,0,0,0,0.25,,基本完整
青海,2023,9,2023-09,餐饮,2,2,0,0,0,0,0.0,,基本完整
青海,2023,10,2023-10,流通,5,5,0,0,0,0,0.0,,基本完整
青海,2023,10,2023-10,生产,1,1,0,0,0,0,0.0,,基本完整
青海,2023,10,2023-10,餐饮,15,15,0,0,0,0,0.0,,基本完整
青海,2023,11,2023-11,流通,4,3,1,0,0,0,0.25,,基本完整
青海,2023,11,2023-11,餐饮,2,2,0,0,0,0,0.0,,基本完整
青海,2023,12,2023-12,餐饮,2,2,0,0,0,0,0.0,,基本完整
青海,2024,6,2024-06,流通,2,2,0,0,0,0,0.0,,基本完整
青海,2024,7,2024-07,流通,2,2,0,0,0,0,0.0,,基本完整
青海,2024,7,2024-07,餐饮,6,6,0,0,0,0,0.0,,基本完整
青海,2024,8,2024-08,流通,1,1,0,0,0,0,0.0,,基本完整
青海,2024,8,2024-08,餐饮,7,7,0,0,0,0,0.0,,基本完整
青海,2024,9,2024-09,流通,5,5,0,0,0,0,0.0,,基本完整
青海,2024,9,2024-09,餐饮,2,2,0,0,0,0,0.0,,基本完整
青海,2024,10,2024-10,餐饮,11,11,0,0,0,0,0.0,,基本完整
青海,2024,11,2024-11,生产,1,1,0,0,0,0,0.0,,基本完整
青海,2024,11,2024-11,餐饮,3,3,0,0,0,0,0.0,,基本完整
青海,2024,12,2024-12,流通,1,0,1,0,0,0,1.0,,基本完整
青海,2024,12,2024-12,餐饮,5,5,0,0,0,0,0.0,,基本完整
香港,2023,10,2023-10,流通,1,1,0,0,0,0,0.0,,基本完整
黑龙江,2023,1,2023-01,流通,1,1,0,0,0,0,0.0,,基本完整
黑龙江,2023,1,2023-01,餐饮,150,150,0,0,0,0,0.0,,基本完整
黑龙江,2023,2,2023-02,流通,18,18,0,0,0,0,0.0,,基本完整
黑龙江,2023,2,2023-02,餐饮,7,7,0,0,0,0,0.0,,基本完整
黑龙江,2023,3,2023-03,餐饮,7,7,0,0,0,0,0.0,,基本完整
黑龙江,2023,4,2023-04,流通,6,6,0,0,0,0,0.0,,基本完整
黑龙江,2023,4,2023-04,生产,5,5,0,0,0,0,0.0,,基本完整
黑龙江,2023,4,2023-04,餐饮,56,56,0,0,0,0,0.0,,基本完整
黑龙江,2023,5,2023-05,流通,7,7,0,0,0,0,0.0,,基本完整
黑龙江,2023,5,2023-05,餐饮,3,3,0,0,0,0,0.0,,基本完整
黑龙江,2023,6,2023-06,流通,51,51,0,0,0,0,0.0,,基本完整
黑龙江,2023,6,2023-06,餐饮,16,16,0,0,0,0,0.0,,基本完整
黑龙江,2023,7,2023-07,流通,16,15,1,0,0,0,0.0625,,基本完整
黑龙江,2023,7,2023-07,餐饮,9,9,0,0,0,0,0.0,,基本完整
黑龙江,2023,8,2023-08,流通,3,3,0,0,0,0,0.0,,基本完整
黑龙江,2023,8,2023-08,生产,5,5,0,0,0,0,0.0,,基本完整
黑龙江,2023,8,2023-08,餐饮,65,65,0,0,0,0,0.0,,基本完整
黑龙江,2023,9,2023-09,流通,13,12,1,0,0,0,0.07692307692307693,,基本完整
黑龙江,2023,9,2023-09,生产,4,4,0,0,0,0,0.0,,基本完整
黑龙江,2023,9,2023-09,餐饮,4,4,0,0,0,0,0.0,,基本完整
黑龙江,2023,10,2023-10,餐饮,17,17,0,0,0,0,0.0,,基本完整
黑龙江,2023,11,2023-11,流通,5,5,0,0,0,0,0.0,,基本完整
黑龙江,2023,11,2023-11,生产,1,1,0,0,0,0,0.0,,基本完整
黑龙江,2023,11,2023-11,餐饮,67,67,0,0,0,0,0.0,,基本完整
黑龙江,2023,12,2023-12,流通,14,12,2,0,0,0,0.14285714285714285,,基本完整
黑龙江,2023,12,2023-12,餐饮,20,20,0,0,0,0,0.0,,基本完整
黑龙江,2024,1,2024-01,流通,1,1,0,0,0,0,0.0,,基本完整
黑龙江,2024,2,2024-02,流通,2,2,0,0,0,0,0.0,,基本完整
黑龙江,2024,2,2024-02,餐饮,10,10,0,0,0,0,0.0,,基本完整
黑龙江,2024,3,2024-03,流通,5,5,0,0,0,0,0.0,,基本完整
黑龙江,2024,4,2024-04,流通,4,4,0,0,0,0,0.0,,基本完整
黑龙江,2024,4,2024-04,餐饮,7,7,0,0,0,0,0.0,,基本完整
黑龙江,2024,5,2024-05,流通,3,3,0,0,0,0,0.0,,基本完整
黑龙江,2024,5,2024-05,餐饮,4,4,0,0,0,0,0.0,,基本完整
黑龙江,2024,6,2024-06,流通,65,65,0,0,0,0,0.0,,基本完整
黑龙江,2024,6,2024-06,生产,1,1,0,0,0,0,0.0,,基本完整
黑龙江,2024,6,2024-06,餐饮,32,32,0,0,0,0,0.0,,基本完整
黑龙江,2024,7,2024-07,流通,3,3,0,0,0,0,0.0,,基本完整
黑龙江,2024,7,2024-07,餐饮,6,6,0,0,0,0,0.0,,基本完整
黑龙江,2024,8,2024-08,流通,4,3,1,1,1,1,0.25,1.0,基本完整
黑龙江,2024,8,2024-08,生产,5,5,0,0,0,0,0.0,,基本完整
黑龙江,2024,8,2024-08,餐饮,2,2,0,0,0,0,0.0,,基本完整
黑龙江,2024,9,2024-09,流通,13,13,0,0,0,0,0.0,,基本完整
黑龙江,2024,9,2024-09,生产,9,9,0,0,0,0,0.0,,基本完整
黑龙江,2024,9,2024-09,餐饮,274,274,0,0,0,0,0.0,,基本完整
黑龙江,2024,10,2024-10,流通,2,2,0,0,0,0,0.0,,基本完整
黑龙江,2024,10,2024-10,生产,4,4,0,0,0,0,0.0,,基本完整
黑龙江,2024,10,2024-10,餐饮,14,14,0,0,0,0,0.0,,基本完整
黑龙江,2024,11,2024-11,流通,32,32,0,0,0,0,0.0,,基本完整
黑龙江,2024,11,2024-11,生产,7,7,0,0,0,0,0.0,,基本完整
黑龙江,2024,12,2024-12,流通,13,13,0,0,0,0,0.0,,基本完整
黑龙江,2024,12,2024-12,生产,4,4,0,0,0,0,0.0,,基本完整
黑龙江,2024,12,2024-12,餐饮,38,38,0,0,0,0,0.0,,基本完整
