省份,年份,月份,年月,供应链环节,EDI记录数,EDI均值,EDI中位数,EDI_P95,MOE_default_均值,MOE_default_中位数,MOE_default_最小值,低于MOE阈值记录数,MOE风险惩罚项_均值,低于MOE阈值比例,MOE风险等级_主导
不详,2023,1,2023-01,流通,2,0.008236,0.008236,0.012069999999999999,17.405569782330346,17.405569782330346,8.402688860435338,2,0.994491908296731,1.0,低于阈值/需关注
不详,2023,2,2023-02,流通,12,0.0037848325000000003,0.002231175,0.011038724999999992,44.919843062322116,47.07902784741351,5.868544600938966,12,0.9857848597904044,1.0,低于阈值/需关注
不详,2023,3,2023-03,流通,4,0.0030929375,0.0030636500000000002,0.004257514999999999,37.63458062501157,34.38369125915456,23.661971830985916,4,0.9880903225870217,1.0,低于阈值/需关注
不详,2023,4,2023-04,流通,3,0.0034931999999999997,0.0014128999999999997,0.007425889999999998,65.07825407403298,74.31523816264422,12.972572275759823,3,0.9794056157993567,1.0,低于阈值/需关注
不详,2023,5,2023-05,流通,4,0.0033698375,0.0037275,0.00468955,41.49529071156497,28.23303457106274,21.748135874067938,4,0.9868685788887452,1.0,低于阈值/需关注
不详,2023,6,2023-06,流通,4,0.0032686625,0.0028897000000000003,0.0050092274999999995,36.66102250379453,36.81652540347791,19.718309859154928,4,0.9883984106000651,1.0,低于阈值/需关注
不详,2023,7,2023-07,流通,10,0.0048085105,0.002916325,0.011704349999999995,352.81840531980083,36.27135019367847,7.4128984432913265,9,0.8912052785666662,0.9,低于阈值/需关注
不详,2023,7,2023-07,餐饮,1,0.003408,0.003408,0.003408,30.809859154929576,30.809859154929576,30.809859154929576,1,0.9902500445712248,1.0,低于阈值/需关注
不详,2023,8,2023-08,流通,6,0.0038771916666666666,0.00387305,0.006239125,34.382344702569576,27.49481449550718,15.901862789641072,6,0.9891195111700729,1.0,低于阈值/需关注
不详,2023,9,2023-09,流通,6,0.00319145,0.003324575,0.004366500000000001,36.908896024787,32.705531477982696,23.474178403755865,6,0.9883199696124092,1.0,低于阈值/需关注
不详,2023,10,2023-10,流通,16,0.006345625000000001,0.00410025,0.016125875,39.33205699592717,25.66639506460249,6.457961744264715,16,0.9875531465202763,1.0,低于阈值/需关注
不详,2023,10,2023-10,生产,1,0.00154425,0.00154425,0.00154425,67.99417192812044,67.99417192812044,67.99417192812044,1,0.978482856984772,1.0,低于阈值/需关注
不详,2023,10,2023-10,餐饮,2,0.005188325,0.005188325,0.009656532499999999,239.91266949013428,239.91266949013428,10.341770905151188,2,0.9240782691486916,1.0,低于阈值/需关注
不详,2023,11,2023-11,流通,22,0.004216754545454545,0.0029393999999999996,0.009409274999999996,49.11009743129769,35.74242954457551,4.219324506238572,22,0.9844588299268046,1.0,低于阈值/需关注
不详,2023,11,2023-11,生产,1,0.00154425,0.00154425,0.00154425,67.99417192812044,67.99417192812044,67.99417192812044,1,0.978482856984772,1.0,低于阈值/需关注
不详,2023,11,2023-11,餐饮,5,0.00311761,0.0027122,0.005722599999999999,128.26784882490952,38.713959147555485,16.901408450704228,5,0.9594089085997123,1.0,低于阈值/需关注
不详,2023,12,2023-12,流通,33,0.005374269696969697,0.00342575,0.016521699999999986,55.00162085591913,30.650222578997298,3.0745805393692716,33,0.9825944237797724,1.0,低于阈值/需关注
不详,2023,12,2023-12,生产,3,0.0016531166666666666,0.0013418999999999998,0.002456955,73.40807322150413,78.2472613458529,40.684270686014294,3,0.9767695970818026,1.0,低于阈值/需关注
不详,2023,12,2023-12,餐饮,4,0.0010863,0.001066775,0.0012975249999999997,99.29055821240217,100.15808168823625,79.93909402360107,4,0.9685789372745564,1.0,低于阈值/需关注
不详,2024,1,2024-01,流通,11,0.006146986363636363,0.005253999999999999,0.012886499999999999,33.53339335888032,19.984773505900268,7.545271629778672,11,0.9893881666585821,1.0,低于阈值/需关注
不详,2024,1,2024-01,餐饮,2,0.006319,0.006319,0.0081082,18.44188290736432,18.44188290736432,12.639942217407006,2,0.9941639611052644,1.0,低于阈值/需关注
不详,2024,2,2024-02,流通,11,0.00658299090909091,0.00328375,0.017217499999999997,28.83526145139074,31.975637609440422,5.915492957746479,11,0.9908749172622181,1.0,低于阈值/需关注
不详,2024,2,2024-02,餐饮,1,0.0261635,0.0261635,0.0261635,4.013224530357177,4.013224530357177,4.013224530357177,1,0.9987299922372288,1.0,低于阈值/需关注
不详,2024,3,2024-03,其他,2,0.004464125,0.004464125,0.006772512499999999,35.111547221590655,35.111547221590655,14.938113529662825,2,0.9888887508792434,1.0,低于阈值/需关注
不详,2024,3,2024-03,流通,10,3.2765530850000006,0.023323499999999997,15.675024999999994,43.83625740215365,5.384530696410621,0.0055596738324684945,10,0.9861277666448881,1.0,低于阈值/需关注
不详,2024,4,2024-04,流通,17,0.0036281,0.0024495,0.0100678,50.947145134762124,42.86589099816289,9.793862512825296,17,0.9838774857168474,1.0,低于阈值/需关注
不详,2024,4,2024-04,餐饮,2,0.005396,0.005396,0.005396,19.45885841363973,19.45885841363973,19.45885841363973,2,0.9938421334134052,1.0,低于阈值/需关注
不详,2024,5,2024-05,流通,15,0.005262756666666666,0.0025773,0.016684999999999985,150.90313947692766,40.74030962635316,3.943661971830986,15,0.9522458419376811,1.0,低于阈值/需关注
不详,2024,5,2024-05,餐饮,5,0.00336611,0.00231105,0.0061273,45.50096775561164,45.433893684688776,16.16254906488109,5,0.9856009595710089,1.0,低于阈值/需关注
不详,2024,6,2024-06,流通,17,0.007097911764705882,0.007455,0.015946599999999988,30.84339290455804,14.08450704225352,3.902040209595303,17,0.9902394326251399,1.0,低于阈值/需关注
不详,2024,6,2024-06,餐饮,4,0.006558624999999999,0.00481025,0.011716774999999997,20.042077539695303,22.047235553269005,8.170570383627734,4,0.9936575703988306,1.0,低于阈值/需关注
不详,2024,7,2024-07,流通,19,0.010112081578947368,0.009265500000000001,0.019968749999999973,25.098267761496444,11.332361988020073,3.1906650257532245,19,0.9920575102020581,1.0,低于阈值/需关注
不详,2024,7,2024-07,餐饮,2,0.001293975,0.001293975,0.0013211324999999998,81.1894592545483,81.1894592545483,79.29615224861233,2,0.9743071331472948,1.0,低于阈值/需关注
不详,2024,8,2024-08,流通,19,0.004387426315789474,0.0029677999999999996,0.011019199999999998,40.97972340017295,35.379742570254066,8.67374333980422,19,0.9870317331012112,1.0,低于阈值/需关注
不详,2024,8,2024-08,餐饮,2,0.00495225,0.00495225,0.008546625,60.641627543035995,60.641627543035995,11.737089201877932,2,0.980809611537014,1.0,低于阈值/需关注
不详,2024,9,2024-09,流通,16,0.00534053125,0.00426,0.01180375,39.835026272775764,25.215229998919348,8.699254349627175,16,0.9873939790276026,1.0,低于阈值/需关注
不详,2024,9,2024-09,餐饮,4,0.00264475,0.00296425,0.003763,55.651010921700944,38.19545793162937,27.903268668615468,4,0.9823889205943984,1.0,低于阈值/需关注
不详,2024,10,2024-10,流通,15,0.00472221,0.00190635,0.015666149999999976,49.31214691038318,55.07907781886851,3.349656261464597,15,0.9843948902182332,1.0,低于阈值/需关注
不详,2024,10,2024-10,餐饮,4,0.0037177374999999998,0.0019365250000000001,0.008158609999999997,44.96809382820821,54.55196387069934,11.375947995666307,4,0.9857695905606936,1.0,低于阈值/需关注
不详,2024,11,2024-11,流通,16,0.00586326875,0.002188575,0.023332375,46.95596248287283,48.02952978583945,3.443243863647543,16,0.9851405182016225,1.0,低于阈值/需关注
不详,2024,11,2024-11,餐饮,4,0.0049584625,0.00488125,0.008395749999999999,35.95084845935372,22.102725045927738,11.830985915492958,4,0.9886231492217236,1.0,低于阈值/需关注
不详,2024,12,2024-12,流通,20,0.00398168,0.00255955,0.010941100000000007,45.662236724137486,41.022836045398606,4.801536491677337,20,0.9855499250872983,1.0,低于阈值/需关注
不详,2024,12,2024-12,餐饮,3,0.006160433333333333,0.0030459,0.013244339999999999,47.00962831851069,34.47256968383729,7.303077725612937,3,0.9851235353422435,1.0,低于阈值/需关注
云南,2023,11,2023-11,生产,1,0.004993333333333333,0.004993333333333333,0.004993333333333333,21.02803738317757,21.02803738317757,21.02803738317757,1,0.9933455577901337,1.0,低于阈值/需关注
云南,2023,12,2023-12,生产,1,0.004421666666666667,0.004421666666666667,0.004421666666666667,23.7467018469657,23.7467018469657,23.7467018469657,1,0.9924852209345045,1.0,低于阈值/需关注
云南,2023,12,2023-12,餐饮,2,0.006101666666666667,0.006101666666666667,0.008275166666666667,20.404889890757758,20.404889890757758,12.32876712328767,2,0.9935427563636843,1.0,低于阈值/需关注
云南,2024,4,2024-04,餐饮,1,0.0015983333333333333,0.0015983333333333333,0.0015983333333333333,65.69343065693431,65.69343065693431,65.69343065693431,1,0.9792109396655272,1.0,低于阈值/需关注
内蒙古,2024,2,2024-02,流通,1,0.009869999999999999,0.009869999999999999,0.009869999999999999,10.638297872340427,10.638297872340427,10.638297872340427,1,0.9966334500403986,1.0,低于阈值/需关注
北京,2024,8,2024-08,餐饮,1,0.009893333333333334,0.009893333333333334,0.009893333333333334,10.61320754716981,10.61320754716981,10.61320754716981,1,0.9966413900167185,1.0,低于阈值/需关注
四川,2023,4,2023-04,餐饮,1,0.003189766666666667,0.003189766666666667,0.003189766666666667,32.917768279811476,32.917768279811476,32.917768279811476,1,0.9895829847215787,1.0,低于阈值/需关注
四川,2023,12,2023-12,餐饮,1,0.005525,0.005525,0.005525,19.004524886877824,19.004524886877824,19.004524886877824,1,0.9939859098459247,1.0,低于阈值/需关注
四川,2024,1,2024-01,餐饮,1,0.006814166666666667,0.006814166666666667,0.006814166666666667,15.409074232603643,15.409074232603643,15.409074232603643,1,0.995123710685885,1.0,低于阈值/需关注
四川,2024,3,2024-03,餐饮,1,0.0037570000000000004,0.0037570000000000004,0.0037570000000000004,27.9478307159968,27.9478307159968,27.9478307159968,1,0.9911557497734188,1.0,低于阈值/需关注
四川,2024,5,2024-05,流通,1,0.0044936666666666675,0.0044936666666666675,0.0044936666666666675,23.36621912321044,23.36621912321044,23.36621912321044,1,0.9926056268597435,1.0,低于阈值/需关注
四川,2024,6,2024-06,生产,1,0.0019116500000000002,0.0019116500000000002,0.0019116500000000002,54.92637250542724,54.92637250542724,54.92637250542724,1,0.9826182365489154,1.0,低于阈值/需关注
安徽,2023,3,2023-03,流通,1,0.0016795999999999998,0.0016795999999999998,0.0016795999999999998,62.514884496308646,62.514884496308646,62.514884496308646,1,0.9802168087036998,1.0,低于阈值/需关注
安徽,2023,4,2023-04,流通,1,0.00104,0.00104,0.00104,100.96153846153847,100.96153846153847,100.96153846153847,1,0.9680501460564751,1.0,低于阈值/需关注
安徽,2023,5,2023-05,餐饮,1,0.0029119999999999997,0.0029119999999999997,0.0029119999999999997,36.057692307692314,36.057692307692314,36.057692307692314,1,0.9885893378773125,1.0,低于阈值/需关注
安徽,2023,11,2023-11,流通,2,0.0011063,0.0011063,0.0011144899999999999,94.91738666000424,94.91738666000424,94.13663259817106,2,0.9699628523227835,1.0,低于阈值/需关注
安徽,2023,12,2023-12,流通,1,0.0009984,0.0009984,0.0009984,105.16826923076923,105.16826923076923,105.16826923076923,1,0.9667189021421617,1.0,低于阈值/需关注
安徽,2024,1,2024-01,其他,1,0.007045999999999999,0.007045999999999999,0.007045999999999999,14.902072097644055,14.902072097644055,14.902072097644055,1,0.9952841543994797,1.0,低于阈值/需关注
安徽,2024,1,2024-01,餐饮,1,0.0012012,0.0012012,0.0012012,87.41258741258741,87.41258741258741,87.41258741258741,1,0.972337788793485,1.0,低于阈值/需关注
安徽,2024,5,2024-05,流通,1,0.004575999999999999,0.004575999999999999,0.004575999999999999,22.945804195804197,22.945804195804197,22.945804195804197,1,0.9927386695582898,1.0,低于阈值/需关注
安徽,2024,7,2024-07,流通,1,0.005278000000000001,0.005278000000000001,0.005278000000000001,19.89389920424403,19.89389920424403,19.89389920424403,1,0.9937044622771379,1.0,低于阈值/需关注
安徽,2024,12,2024-12,餐饮,1,0.005512,0.005512,0.005512,19.049346879535555,19.049346879535555,19.049346879535555,1,0.993971725671033,1.0,低于阈值/需关注
山东,2023,2,2023-02,生产,1,0.0027241666666666664,0.0027241666666666664,0.0027241666666666664,38.54389721627409,38.54389721627409,38.54389721627409,1,0.9878025641720651,1.0,低于阈值/需关注
山东,2023,4,2023-04,流通,1,0.00245175,0.00245175,0.00245175,42.82655246252676,42.82655246252676,42.82655246252676,1,0.9864472935245169,1.0,低于阈值/需关注
山东,2023,6,2023-06,流通,1,5.448333333333333e-05,5.448333333333333e-05,5.448333333333333e-05,1927.1948608137047,1927.1948608137047,1927.1948608137047,1,0.390128208603258,1.0,低于阈值/需关注
山东,2023,9,2023-09,生产,3,0.0017097388888888886,0.0017201166666666666,0.003002031666666666,163.7365912800258,61.042371156995166,33.391990162613695,3,0.9481846230126502,1.0,低于阈值/需关注
山东,2023,11,2023-11,生产,5,0.0063511999999999996,0.005798583333333333,0.010951149999999998,22.44418837058094,18.10787117543078,8.647669247240982,5,0.992897408743487,1.0,低于阈值/需关注
山东,2023,11,2023-11,餐饮,1,0.008250333333333333,0.008250333333333333,0.008250333333333333,12.726758514807482,12.726758514807482,12.726758514807482,1,0.9959725447737952,1.0,低于阈值/需关注
山东,2023,12,2023-12,流通,1,0.00277865,0.00277865,0.00277865,37.788134525758906,37.788134525758906,37.788134525758906,1,0.9880417295804561,1.0,低于阈值/需关注
山东,2023,12,2023-12,餐饮,2,0.010227299999999998,0.010227299999999998,0.014472329999999997,13.040208870177477,13.040208870177477,7.026231263383298,2,0.9958733516233615,1.0,低于阈值/需关注
山东,2024,1,2024-01,流通,1,0.0018212999999999999,0.0018212999999999999,0.0018212999999999999,57.65112831493988,57.65112831493988,57.65112831493988,1,0.9817559720522342,1.0,低于阈值/需关注
山东,2024,4,2024-04,流通,1,0.007503133333333333,0.007503133333333333,0.007503133333333333,13.994153553626486,13.994153553626486,13.994153553626486,1,0.9955714703944221,1.0,低于阈值/需关注
山东,2024,5,2024-05,餐饮,3,0.01484022222222222,0.012064166666666666,0.022711766666666664,8.45389444692979,8.70346066173931,4.394255382962845,3,0.9973247169471741,1.0,低于阈值/需关注
山东,2024,6,2024-06,生产,1,0.004685566666666667,0.004685566666666667,0.004685566666666667,22.409242567601215,22.409242567601215,22.409242567601215,1,0.9929084675418983,1.0,低于阈值/需关注
山东,2024,7,2024-07,餐饮,2,0.01800285,0.01800285,0.027438584999999998,8.82553598056169,8.82553598056169,3.685891810299435,2,0.9972071088669109,1.0,低于阈值/需关注
山东,2024,8,2024-08,流通,2,0.005600108333333333,0.005600108333333333,0.008475660833333332,27.798255624733578,27.798255624733578,11.938375243978701,2,0.991203083663059,1.0,低于阈值/需关注
山东,2024,8,2024-08,餐饮,1,0.026541166666666664,0.026541166666666664,0.026541166666666664,3.956118482608778,3.956118482608778,3.956118482608778,1,0.9987480637713263,1.0,低于阈值/需关注
山东,2024,9,2024-09,流通,1,0.00459995,0.00459995,0.00459995,22.826335068859443,22.826335068859443,22.826335068859443,1,0.9927764762440319,1.0,低于阈值/需关注
山东,2024,10,2024-10,流通,1,0.004179649999999999,0.004179649999999999,0.004179649999999999,25.121720718241964,25.121720718241964,25.121720718241964,1,0.9920500883803031,1.0,低于阈值/需关注
山东,2024,10,2024-10,生产,1,0.0037359999999999993,0.0037359999999999993,0.0037359999999999993,28.104925053533194,28.104925053533194,28.104925053533194,1,0.9911060363754641,1.0,低于阈值/需关注
山东,2024,10,2024-10,餐饮,1,0.0095735,0.0095735,0.0095735,10.967775630647099,10.967775630647099,10.967775630647099,1,0.9965291849270105,1.0,低于阈值/需关注
山东,2024,11,2024-11,流通,1,0.017512499999999997,0.017512499999999997,0.017512499999999997,5.995717344753748,5.995717344753748,5.995717344753748,1,0.9981026210934324,1.0,低于阈值/需关注
山东,2024,11,2024-11,生产,3,0.0027371388888888883,0.0030510666666666666,0.0031141116666666665,39.84864617427986,34.414193943101864,33.64180555036392,3,0.9873896689321899,1.0,低于阈值/需关注
山东,2024,11,2024-11,餐饮,4,0.0048276125,0.0044832,0.007710948333333332,27.72811240261312,26.348367237687366,13.097440801646536,4,0.9912252808852491,1.0,低于阈值/需关注
山东,2024,12,2024-12,餐饮,1,0.0020937166666666666,0.0020937166666666666,0.0020937166666666666,50.150052140133575,50.150052140133575,50.150052140133575,1,0.9841297303354007,1.0,低于阈值/需关注
山西,2023,8,2023-08,餐饮,2,0.0013,0.0013,0.001615,87.08133971291866,87.08133971291866,63.63636363636363,2,0.9724426140148992,1.0,低于阈值/需关注
山西,2023,12,2023-12,餐饮,2,0.0012575,0.0012575,0.00139925,84.82974622550594,84.82974622550594,74.20494699646643,2,0.9731551435995235,1.0,低于阈值/需关注
山西,2024,7,2024-07,餐饮,1,0.0005033333333333334,0.0005033333333333334,0.0005033333333333334,208.6092715231788,208.6092715231788,208.6092715231788,1,0.9339844077458295,1.0,低于阈值/需关注
山西,2024,9,2024-09,餐饮,1,0.0011733333333333333,0.0011733333333333333,0.0011733333333333333,89.48863636363636,89.48863636363636,89.48863636363636,1,0.9716808112773302,1.0,低于阈值/需关注
山西,2024,11,2024-11,餐饮,1,0.000505,0.000505,0.000505,207.9207920792079,207.9207920792079,207.9207920792079,1,0.9342022809875925,1.0,低于阈值/需关注
山西,2024,12,2024-12,餐饮,1,0.0015216666666666666,0.0015216666666666666,0.0015216666666666666,69.00328587075575,69.00328587075575,69.00328587075575,1,0.9781635171295077,1.0,低于阈值/需关注
广东,2023,3,2023-03,流通,1,0.0019507499999999998,0.0019507499999999998,0.0019507499999999998,53.825451749327186,53.825451749327186,53.825451749327186,1,0.9829666291932508,1.0,低于阈值/需关注
广东,2023,3,2023-03,生产,1,0.0021675,0.0021675,0.0021675,48.442906574394456,48.442906574394456,48.442906574394456,1,0.9846699662739259,1.0,低于阈值/需关注
广东,2023,7,2023-07,生产,3,0.0010214166666666666,0.0013514999999999998,0.001531275,265.1778672046147,77.6914539400666,67.68734891216761,3,0.9160829534162612,1.0,低于阈值/需关注
广东,2023,8,2023-08,流通,1,0.0016532499999999998,0.0016532499999999998,0.0016532499999999998,63.51126568879481,63.51126568879481,63.51126568879481,1,0.9799014981997484,1.0,低于阈值/需关注
广东,2023,8,2023-08,生产,1,1.16875e-06,1.16875e-06,1.16875e-06,89839.57219251337,89839.57219251337,89839.57219251337,0,0.0,0.0,高于阈值/低关注
广东,2023,11,2023-11,流通,1,0.00132175,0.00132175,0.00132175,79.4401361830906,79.4401361830906,79.4401361830906,1,0.9748607163977562,1.0,低于阈值/需关注
广东,2023,11,2023-11,生产,1,0.0014279999999999998,0.0014279999999999998,0.0014279999999999998,73.52941176470588,73.52941176470588,73.52941176470588,1,0.9767311988086373,1.0,低于阈值/需关注
广东,2023,12,2023-12,流通,3,0.0017509999999999997,0.00172975,0.0020510499999999996,61.371406488491395,60.70241364359011,50.31747933389242,3,0.9805786688327558,1.0,低于阈值/需关注
广东,2024,1,2024-01,生产,1,0.0029877499999999995,0.0029877499999999995,0.0029877499999999995,35.1435026357627,35.1435026357627,35.1435026357627,1,0.9888786384064042,1.0,低于阈值/需关注
广东,2024,1,2024-01,餐饮,1,0.0016064999999999999,0.0016064999999999999,0.0016064999999999999,65.35947712418302,65.35947712418302,65.35947712418302,1,0.9793166211632333,1.0,低于阈值/需关注
广东,2024,2,2024-02,生产,2,0.0022312499999999997,0.0022312499999999997,0.0024071999999999995,47.42289370841222,47.42289370841222,43.26774492634182,2,0.9849927551555657,1.0,低于阈值/需关注
广东,2024,4,2024-04,生产,1,0.00136425,0.00136425,0.00136425,76.96536558548652,76.96536558548652,76.96536558548652,1,0.9756438716501625,1.0,低于阈值/需关注
广东,2024,5,2024-05,餐饮,1,0.00322575,0.00322575,0.00322575,32.55056963496861,32.55056963496861,32.55056963496861,1,0.989699186824377,1.0,低于阈值/需关注
广东,2024,6,2024-06,餐饮,1,0.002159,0.002159,0.002159,48.633626679018064,48.633626679018064,48.633626679018064,1,0.9846096118104373,1.0,低于阈值/需关注
广东,2024,7,2024-07,生产,1,0.0026095,0.0026095,0.0026095,40.237593408698984,40.237593408698984,40.237593408698984,1,0.9872665843643358,1.0,低于阈值/需关注
广东,2024,8,2024-08,生产,4,0.002118625,0.0021313749999999996,0.0026245875,51.83975414717325,50.041196142102464,39.403321137067266,4,0.9835950145103882,1.0,低于阈值/需关注
广东,2024,9,2024-09,生产,1,0.00155975,0.00155975,0.00155975,67.31848052572528,67.31848052572528,67.31848052572528,1,0.978696683377935,1.0,低于阈值/需关注
广东,2024,10,2024-10,生产,1,0.0046324999999999995,0.0046324999999999995,0.0046324999999999995,22.66594711279007,22.66594711279007,22.66594711279007,1,0.9928272319263323,1.0,低于阈值/需关注
广东,2024,10,2024-10,餐饮,1,0.0012962499999999999,0.0012962499999999999,0.0012962499999999999,81.00289296046287,81.00289296046287,81.00289296046287,1,0.9743661731137776,1.0,低于阈值/需关注
广东,2024,12,2024-12,生产,1,0.00187,0.00187,0.00187,56.149732620320854,56.149732620320854,56.149732620320854,1,0.9822310972720504,1.0,低于阈值/需关注
广西,2023,3,2023-03,生产,5,0.0014508399999999997,0.0006624000000000001,0.003696559999999999,277.82533960056355,158.51449275362316,25.222195532068223,5,0.9120805887339989,1.0,低于阈值/需关注
广西,2023,4,2023-04,生产,5,0.00097658,0.0007866,0.00146648,117.3019018244111,133.48588863463004,66.93867142674996,5,0.9628791449922749,1.0,低于阈值/需关注
广西,2023,5,2023-05,生产,3,0.0009160899999999999,0.0007337,0.0012779029999999997,125.614469175203,143.11026305029304,78.45364136972587,3,0.9602485857040497,1.0,低于阈值/需关注
广西,2023,6,2023-06,生产,1,0.0006279,0.0006279,0.0006279,167.22408026755852,167.22408026755852,167.22408026755852,1,0.9470809872571017,1.0,低于阈值/需关注
广西,2023,7,2023-07,生产,3,0.0007490333333333333,0.0007589999999999999,0.0008148900000000001,141.21281605186712,138.33992094861662,127.87723785166239,3,0.9553123999835864,1.0,低于阈值/需关注
广西,2023,8,2023-08,流通,1,0.0006279,0.0006279,0.0006279,167.22408026755852,167.22408026755852,167.22408026755852,1,0.9470809872571017,1.0,低于阈值/需关注
广西,2023,8,2023-08,生产,4,0.0006003,0.0005957,0.00062215,175.03639644728102,176.28687147361433,167.8388746803069,4,0.9446087353014934,1.0,低于阈值/需关注
广西,2023,9,2023-09,流通,5,0.0010906599999999998,0.0009314999999999999,0.0017070599999999996,110.51986285308172,112.72141706924316,58.08164619980087,5,0.9650253598566196,1.0,低于阈值/需关注
广西,2023,9,2023-09,生产,1,0.001058,0.001058,0.001058,99.24385633270322,99.24385633270322,99.24385633270322,1,0.9685937163504104,1.0,低于阈值/需关注
广西,2023,10,2023-10,流通,5,0.00075808,0.000736,0.0009360999999999999,142.81175561566025,142.66304347826087,110.00523834468308,5,0.9548064064507404,1.0,低于阈值/需关注
广西,2023,10,2023-10,生产,4,0.000832025,0.00071415,0.00113873,133.3241283875482,147.1656976744186,86.79120515787733,4,0.9578088201305227,1.0,低于阈值/需关注
广西,2023,11,2023-11,生产,4,0.0025369,0.0022379,0.004305599999999999,54.51041201044707,47.60735361548412,22.712524334847505,4,0.9827498696169472,1.0,低于阈值/需关注
广西,2023,12,2023-12,流通,7,0.002176785714285714,0.0012373999999999998,0.004951899999999999,73.5603057179533,84.85534184580573,19.848771266540645,7,0.9767214222411541,1.0,低于阈值/需关注
广西,2023,12,2023-12,生产,18,0.0016898611111111112,0.0015030499999999997,0.002811749999999999,74.17018356972716,70.31174589134707,33.81642512077295,18,0.9765284229209724,1.0,低于阈值/需关注
广西,2023,12,2023-12,餐饮,1,0.004071,0.004071,0.004071,25.79218865143699,25.79218865143699,25.79218865143699,1,0.9918379149837225,1.0,低于阈值/需关注
广西,2024,2,2024-02,生产,2,0.0007797,0.0007797,0.0009390900000000001,141.99287063749392,141.99287063749392,109.74080267558527,2,0.9550655472666159,1.0,低于阈值/需关注
广西,2024,3,2024-03,生产,2,0.00077625,0.00077625,0.0008828549999999999,138.49037963266196,138.49037963266196,117.3577735553817,2,0.956173930495993,1.0,低于阈值/需关注
广西,2024,4,2024-04,其他,1,0.0012603999999999998,0.0012603999999999998,0.0012603999999999998,83.30688670263409,83.30688670263409,83.30688670263409,1,0.9736370611700526,1.0,低于阈值/需关注
广西,2024,4,2024-04,生产,1,0.0010603,0.0010603,0.0010603,99.02857681788174,99.02857681788174,99.02857681788174,1,0.9686618427791512,1.0,低于阈值/需关注
广西,2024,5,2024-05,流通,1,0.0007221999999999999,0.0007221999999999999,0.0007221999999999999,145.38908889504293,145.38908889504293,145.38908889504293,1,0.9539907946534675,1.0,低于阈值/需关注
广西,2024,5,2024-05,生产,9,0.0022471,0.0014168,0.006908279999999997,89.81199065517325,74.11067193675889,10.258915486077186,9,0.9715784839698818,1.0,低于阈值/需关注
广西,2024,6,2024-06,流通,9,0.0008885666666666667,0.000736,0.00175122,194.53276855051504,142.66304347826087,56.43037566507228,9,0.9384389972941408,1.0,低于阈值/需关注
广西,2024,6,2024-06,生产,6,0.0011810500000000001,0.0009866999999999999,0.002021125,104.9753555059615,106.60299595952281,47.753319992723306,6,0.9667799507892528,1.0,低于阈值/需关注
广西,2024,7,2024-07,生产,2,0.00165715,0.00165715,0.0019045149999999999,65.15409100774072,65.15409100774072,54.34782608695652,2,0.9793816167697023,1.0,低于阈值/需关注
广西,2024,8,2024-08,生产,4,0.000835475,0.0007911999999999999,0.0010482249999999999,129.8695345103176,133.79636060563968,97.1322849213691,4,0.9589020460410387,1.0,低于阈值/需关注
广西,2024,9,2024-09,流通,1,0.0008923999999999999,0.0008923999999999999,0.0008923999999999999,117.6602420439265,117.6602420439265,117.6602420439265,1,0.9627657461886308,1.0,低于阈值/需关注
广西,2024,9,2024-09,生产,21,0.0010764,0.0008556,0.0018629999999999999,111.06964689482278,122.72089761570827,47.55434782608696,21,0.9648513775649296,1.0,低于阈值/需关注
广西,2024,10,2024-10,流通,1,0.0011546,0.0011546,0.0011546,90.94058548415035,90.94058548415035,90.94058548415035,1,0.9712213337075474,1.0,低于阈值/需关注
广西,2024,10,2024-10,生产,22,0.0007655863636363637,0.0007176,0.0014691249999999997,198.37419267323395,146.37520307548778,61.032318065566145,22,0.9372233567489766,1.0,低于阈值/需关注
广西,2024,11,2024-11,生产,9,0.0013064,0.0008556,0.0028979999999999995,106.68546461460515,122.72089761570827,29.26421404682274,9,0.9662387770206945,1.0,低于阈值/需关注
广西,2024,12,2024-12,生产,3,0.0010365333333333334,0.0009798,0.00142278,112.70641164815997,107.16472749540722,71.33152173913044,3,0.9643334140353924,1.0,低于阈值/需关注
新疆,2024,12,2024-12,餐饮,1,0.0004621666666666666,0.0004621666666666666,0.0004621666666666666,227.19076812116842,227.19076812116842,227.19076812116842,1,0.9281041873034278,1.0,低于阈值/需关注
江苏,2023,7,2023-07,流通,1,0.002711833333333333,0.002711833333333333,0.002711833333333333,38.719193657427326,38.719193657427326,38.719193657427326,1,0.9877470906147382,1.0,低于阈值/需关注
江苏,2023,12,2023-12,流通,2,0.0013205833333333335,0.0013205833333333335,0.0024455083333333335,763.348570317059,763.348570317059,40.84808403034428,2,0.7584339967351079,1.0,低于阈值/需关注
江苏,2023,12,2023-12,餐饮,1,0.0046816666666666664,0.0046816666666666664,0.0046816666666666664,22.427910288358845,22.427910288358845,22.427910288358845,1,0.9929025600353295,1.0,低于阈值/需关注
江苏,2024,6,2024-06,流通,2,0.004752333333333333,0.004752333333333333,0.004760283333333333,22.094486097859132,22.094486097859132,22.053418279833377,2,0.9930080740196648,1.0,低于阈值/需关注
江苏,2024,6,2024-06,餐饮,2,0.012591916666666668,0.012591916666666668,0.01668219166666667,9.58764167704541,9.58764167704541,6.127212604551643,2,0.9969659361781502,1.0,低于阈值/需关注
江苏,2024,7,2024-07,餐饮,1,0.0033566666666666667,0.0033566666666666667,0.0033566666666666667,31.28103277060576,31.28103277060576,31.28103277060576,1,0.9901009389966438,1.0,低于阈值/需关注
江苏,2024,8,2024-08,餐饮,2,0.0848,0.0848,0.0848,1.2382075471698113,1.2382075471698113,1.2382075471698113,2,0.9996081621686173,1.0,低于阈值/需关注
江苏,2024,10,2024-10,餐饮,1,0.02332,0.02332,0.02332,4.502572898799314,4.502572898799314,4.502572898799314,1,0.9985751351586077,1.0,低于阈值/需关注
江西,2023,11,2023-11,生产,1,0.0018757999999999997,0.0018757999999999997,0.0018757999999999997,55.97611685680777,55.97611685680777,55.97611685680777,1,0.9822860389693646,1.0,低于阈值/需关注
江西,2024,8,2024-08,流通,1,0.003872133333333333,0.003872133333333333,0.003872133333333333,27.116834819737615,27.116834819737615,27.116834819737615,1,0.9914187231583109,1.0,低于阈值/需关注
江西,2024,12,2024-12,流通,1,0.0034577999999999996,0.0034577999999999996,0.0034577999999999996,30.36612875238591,30.36612875238591,30.36612875238591,1,0.990390465584688,1.0,低于阈值/需关注
江西,2024,12,2024-12,生产,1,0.0024408,0.0024408,0.0024408,43.018682399213375,43.018682399213375,43.018682399213375,1,0.9863864929116413,1.0,低于阈值/需关注
河北,2023,9,2023-09,流通,1,0.0011146666666666666,0.0011146666666666666,0.0011146666666666666,94.19856459330144,94.19856459330144,94.19856459330144,1,0.9701903276603476,1.0,低于阈值/需关注
河北,2024,3,2024-03,流通,1,0.015253333333333334,0.015253333333333334,0.015253333333333334,6.883741258741258,6.883741258741258,6.883741258741258,1,0.997821600867487,1.0,低于阈值/需关注
河北,2024,5,2024-05,餐饮,2,0.0037180000000000004,0.0037180000000000004,0.0060148,53.398934729619924,53.398934729619924,16.74641148325359,2,0.9831016029336646,1.0,低于阈值/需关注
河北,2024,6,2024-06,生产,1,0.0014776666666666666,0.0014776666666666666,0.0014776666666666666,71.05797428378074,71.05797428378074,71.05797428378074,1,0.9775132992772846,1.0,低于阈值/需关注
河北,2024,8,2024-08,流通,2,0.0029168333333333338,0.0029168333333333338,0.0035388833333333336,38.1394357039272,38.1394357039272,29.101995565410196,2,0.9879305583215421,1.0,低于阈值/需关注
河南,2023,1,2023-01,流通,1,0.0023595,0.0023595,0.0023595,44.50095359186268,44.50095359186268,44.50095359186268,1,0.9859174197494106,1.0,低于阈值/需关注
河南,2023,1,2023-01,餐饮,4,0.0092789125,0.006277700000000001,0.019784049999999997,20.360956456394703,19.717559171926673,4.830695620169304,4,0.9935566593492422,1.0,低于阈值/需关注
河南,2023,2,2023-02,餐饮,4,0.0032604,0.0032639750000000006,0.0033100925,32.21031083857534,32.16940263467961,31.649385097660957,4,0.9898068636586788,1.0,低于阈值/需关注
河南,2023,3,2023-03,餐饮,5,0.0038767300000000005,0.0034034000000000004,0.006678099999999999,32.310284721446095,30.85150143973673,14.257587073121053,5,0.9897752263539727,1.0,低于阈值/需关注
河南,2023,4,2023-04,流通,1,0.022022,0.022022,0.022022,4.767959313413859,4.767959313413859,4.767959313413859,1,0.9984911521160083,1.0,低于阈值/需关注
河南,2023,4,2023-04,餐饮,30,0.0039625300000000006,0.0039897000000000005,0.0060892975,29.004702720797226,26.31776825325212,17.21607817739119,30,0.9908212966073427,1.0,低于阈值/需关注
河南,2023,7,2023-07,餐饮,1,0.0034963500000000005,0.0034963500000000005,0.0034963500000000005,30.03131837487665,30.03131837487665,30.03131837487665,1,0.9904964182357985,1.0,低于阈值/需关注
河南,2023,9,2023-09,餐饮,1,0.00222365,0.00222365,0.00222365,47.21966136757133,47.21966136757133,47.21966136757133,1,0.9850570691874774,1.0,低于阈值/需关注
河南,2023,10,2023-10,餐饮,3,0.015253333333333334,0.012870000000000001,0.01975545,7.254654583006478,8.158508158508157,5.116834385127068,3,0.9977042232332257,1.0,低于阈值/需关注
河南,2023,11,2023-11,流通,1,0.0090805,0.0090805,0.0090805,11.563239909696602,11.563239909696602,11.563239909696602,1,0.9963407468640201,1.0,低于阈值/需关注
河南,2023,11,2023-11,餐饮,3,0.0037799666666666672,0.0037466000000000005,0.0039139100000000005,27.802745701557285,28.025409704799014,26.70057215511761,3,0.9912016627526717,1.0,低于阈值/需关注
河南,2023,12,2023-12,餐饮,3,0.014628900000000002,0.007650500000000001,0.0291434,13.124234639446408,13.724593163845498,3.3300033300033296,3,0.9958467611900487,1.0,低于阈值/需关注
河南,2024,1,2024-01,流通,1,0.002288,0.002288,0.002288,45.891608391608386,45.891608391608386,45.891608391608386,1,0.9854773391165796,1.0,低于阈值/需关注
河南,2024,3,2024-03,餐饮,2,0.0036393500000000004,0.0036393500000000004,0.00464321,31.842319004984873,31.842319004984873,22.083179977916817,2,0.9899233167705744,1.0,低于阈值/需关注
河南,2024,6,2024-06,餐饮,5,0.00920348,0.008723000000000002,0.0155155,18.52564537380138,12.037143184684165,6.7674261222648315,5,0.9941374539956325,1.0,低于阈值/需关注
河南,2024,7,2024-07,餐饮,2,0.005759325000000001,0.005759325000000001,0.0066570075,18.79501879501879,18.79501879501879,15.540015540015538,2,0.9940522092420826,1.0,低于阈值/需关注
河南,2024,8,2024-08,餐饮,1,0.032318,0.032318,0.032318,3.2489634259545763,3.2489634259545763,3.2489634259545763,1,0.998971847017103,1.0,低于阈值/需关注
河南,2024,9,2024-09,餐饮,2,0.0027348750000000003,0.0027348750000000003,0.0031177575000000003,39.345032200473966,39.345032200473966,33.224693858178014,2,0.9875490404428879,1.0,低于阈值/需关注
河南,2024,11,2024-11,餐饮,1,0.0024667500000000006,0.0024667500000000006,0.0024667500000000006,42.56612952265125,42.56612952265125,42.56612952265125,1,0.9865297058472622,1.0,低于阈值/需关注
河南,2024,12,2024-12,流通,1,0.014228500000000002,0.014228500000000002,0.014228500000000002,7.379555118248584,7.379555118248584,7.379555118248584,1,0.9976646977473898,1.0,低于阈值/需关注
河南,2024,12,2024-12,餐饮,1,0.00230945,0.00230945,0.00230945,45.465370542769925,45.465370542769925,45.465370542769925,1,0.9856122245117817,1.0,低于阈值/需关注
浙江,2023,6,2023-06,餐饮,1,0.014430666666666668,0.014430666666666668,0.014430666666666668,7.276171117065508,7.276171117065508,7.276171117065508,1,0.9976974142034603,1.0,低于阈值/需关注
浙江,2023,8,2023-08,餐饮,1,0.002511666666666667,0.002511666666666667,0.002511666666666667,41.8049104180491,41.8049104180491,41.8049104180491,1,0.9867705979689718,1.0,低于阈值/需关注
浙江,2023,12,2023-12,餐饮,1,0.047310666666666674,0.047310666666666674,0.047310666666666674,2.2193726573288615,2.2193726573288615,2.2193726573288615,1,0.9992976668805922,1.0,低于阈值/需关注
浙江,2024,4,2024-04,生产,1,0.0035346000000000006,0.0035346000000000006,0.0035346000000000006,29.70633169241215,29.70633169241215,29.70633169241215,1,0.9905992621226544,1.0,低于阈值/需关注
浙江,2024,5,2024-05,餐饮,1,0.0042196000000000004,0.0042196000000000004,0.0042196000000000004,24.88387524883875,24.88387524883875,24.88387524883875,1,0.9921253559339118,1.0,低于阈值/需关注
浙江,2024,6,2024-06,流通,2,0.0037492333333333334,0.0037492333333333334,0.003893083333333333,28.056715802344286,28.056715802344286,26.860631693839963,2,0.9911212924676125,1.0,低于阈值/需关注
浙江,2024,7,2024-07,流通,1,0.007032666666666668,0.007032666666666668,0.007032666666666668,14.930325149303249,14.930325149303249,14.930325149303249,1,0.995275213560347,1.0,低于阈值/需关注
浙江,2024,11,2024-11,生产,1,0.004594066666666666,0.004594066666666666,0.004594066666666666,22.855567325971183,22.855567325971183,22.855567325971183,1,0.9927672255297559,1.0,低于阈值/需关注
海南,2024,4,2024-04,餐饮,1,0.0085705,0.0085705,0.0085705,12.25132722711627,12.25132722711627,12.25132722711627,1,0.9961229977129379,1.0,低于阈值/需关注
海南,2024,5,2024-05,生产,1,0.0017994999999999999,0.0017994999999999999,0.0017994999999999999,58.349541539316476,58.349541539316476,58.349541539316476,1,0.9815349552090771,1.0,低于阈值/需关注
海南,2024,7,2024-07,餐饮,1,0.0011651,0.0011651,0.0011651,90.12101965496522,90.12101965496522,90.12101965496522,1,0.971480689982606,1.0,低于阈值/需关注
湖北,2023,12,2023-12,餐饮,1,0.001668266666666667,0.001668266666666667,0.001668266666666667,62.939578005115074,62.939578005115074,62.939578005115074,1,0.9800824120236978,1.0,低于阈值/需关注
湖北,2024,1,2024-01,餐饮,1,0.0033756333333333334,0.0033756333333333334,0.0033756333333333334,31.10527407202599,31.10527407202599,31.10527407202599,1,0.9901565588379664,1.0,低于阈值/需关注
湖北,2024,11,2024-11,餐饮,2,0.004242350000000001,0.004242350000000001,0.0045473300000000005,24.909363666852194,24.909363666852194,22.919675632019146,2,0.9921172899788442,1.0,低于阈值/需关注
湖北,2024,12,2024-12,餐饮,2,0.016845583333333334,0.016845583333333334,0.018869008333333333,6.346126148931155,6.346126148931155,5.499157668706301,2,0.997991732231351,1.0,低于阈值/需关注
湖南,2024,4,2024-04,生产,1,0.00098335,0.00098335,0.00098335,106.77785122286062,106.77785122286062,106.77785122286062,1,0.9662095407522593,1.0,低于阈值/需关注
湖南,2024,10,2024-10,生产,2,0.0018956999999999997,0.0018956999999999997,0.0021321299999999994,56.47299126567184,56.47299126567184,48.64714603409934,2,0.9821288002323824,1.0,低于阈值/需关注
甘肃,2024,3,2024-03,餐饮,2,1.8733333333333336e-05,1.8733333333333336e-05,2.4733333333333336e-05,6417.757863140034,6417.757863140034,4133.858267716535,0,0.0,0.0,接近阈值/观察
甘肃,2024,5,2024-05,餐饮,1,2.1466666666666672e-05,2.1466666666666672e-05,2.1466666666666672e-05,4891.304347826085,4891.304347826085,4891.304347826085,0,0.0,0.0,接近阈值/观察
甘肃,2024,12,2024-12,餐饮,1,8.700000000000001e-05,8.700000000000001e-05,8.700000000000001e-05,1206.8965517241377,1206.8965517241377,1206.8965517241377,1,0.6180707114797033,1.0,低于阈值/需关注
福建,2024,1,2024-01,流通,3,0.010270944444444445,0.010061333333333335,0.013920083333333335,11.384359197189506,10.435992578849719,7.3176681030978115,3,0.9963973546844337,1.0,低于阈值/需关注
福建,2024,9,2024-09,生产,1,0.00324135,0.00324135,0.00324135,32.39390994493035,32.39390994493035,32.39390994493035,1,0.9897487626756549,1.0,低于阈值/需关注
贵州,2023,10,2023-10,餐饮,4,0.003694533333333333,0.0029039999999999995,0.006514841666666665,36.00113824772099,36.55365736023122,14.791510142749813,4,0.9886072347317338,1.0,低于阈值/需关注
贵州,2023,12,2023-12,流通,1,9.276666666666665e-05,9.276666666666665e-05,9.276666666666665e-05,1131.8720804886814,1131.8720804886814,1131.8720804886814,1,0.6418126327567464,1.0,低于阈值/需关注
贵州,2023,12,2023-12,餐饮,1,0.0019178499999999996,0.0019178499999999996,0.0019178499999999996,54.7488072581276,54.7488072581276,54.7488072581276,1,0.982674428082871,1.0,低于阈值/需关注
贵州,2024,3,2024-03,流通,1,0.0018351666666666666,0.0018351666666666666,0.0018351666666666666,57.21551176096631,57.21551176096631,57.21551176096631,1,0.9818938253920992,1.0,低于阈值/需关注
贵州,2024,10,2024-10,餐饮,2,0.0013723416666666665,0.0013723416666666665,0.0019885341666666663,101.86588389263754,101.86588389263754,51.04521147301896,2,0.9677639607934692,1.0,低于阈值/需关注
贵州,2024,11,2024-11,流通,1,0.0008772499999999999,0.0008772499999999999,0.0008772499999999999,119.69222000569964,119.69222000569964,119.69222000569964,1,0.9621227151880697,1.0,低于阈值/需关注
贵州,2024,12,2024-12,餐饮,5,0.0018129833333333332,0.0015891333333333331,0.0029039999999999995,78.74638258980892,66.07375089147125,36.15702479338844,5,0.9750802586741111,1.0,低于阈值/需关注
陕西,2024,8,2024-08,餐饮,1,0.00045756666666666666,0.00045756666666666666,0.00045756666666666666,229.47475777664457,229.47475777664457,229.47475777664457,1,0.9273814057668845,1.0,低于阈值/需关注
陕西,2024,12,2024-12,餐饮,3,0.0003942555555555556,0.0002997,0.00056943,298.5594289942116,350.3503503503503,175.17517517517516,3,0.9055191680398065,1.0,低于阈值/需关注
黑龙江,2024,8,2024-08,流通,1,0.0009952833333333334,0.0009952833333333334,0.0009952833333333334,105.49759699917945,105.49759699917945,105.49759699917945,1,0.9666146844939306,1.0,低于阈值/需关注
